id,prices.amountMax,prices.amountMin,availability,condition,currency,Date,prices.isSale,brand,categories,manufacturer,name,primaryCategories
AVphzgbJLJeJML43fA0o,105,105,Yes,New,USD,"2017-03-30T06:00:00Z,2017-03-10T22:00:00Z,2017-03-04T10:00:00Z,2017-03-03T14:00:00Z",FALSE,Sanus,"Audio & Video Accessories,TV Mounts,TV Accessories & Parts,Electronics,A/V Presentation,Accessories & Supplies,TV Ceiling & Wall Mounts",,Sanus VLF410B1 10-Inch Super Slim Full-Motion Mount for 37 - 84 Inches TV's,Electronics
AVpgMuGwLJeJML43KY_c,69,65,In Stock,New,USD,2017-12-14T06:00:00Z,TRUE,Boytone,"Stereos,Portable Bluetooth Speakers,TV, Video & Home Audio,Speaker Systems,Portable Audio & Video,Electronics,See more Black BOYTONE Bt-210f 30 Watt FM Radio Bluetoo...,Speakers,Home Audio & Theater,All Home Speakers,Consumer Electronics,See more BOYTONE Bt-210f Bluetooth Wireless Speaker Mp3...,Home Theater Systems,MP3 Player Accessories,Home Audio,Audio,Cell,Stereo Shelf Systems",Boytone,Boytone - 2500W 2.1-Ch. Home Theater System - Black Diamond,Electronics
AVpgMuGwLJeJML43KY_c,69,69,In Stock,New,USD,2017-09-08T05:00:00Z,FALSE,Boytone,"Stereos,Portable Bluetooth Speakers,TV, Video & Home Audio,Speaker Systems,Portable Audio & Video,Electronics,See more Black BOYTONE Bt-210f 30 Watt FM Radio Bluetoo...,Speakers,Home Audio & Theater,All Home Speakers,Consumer Electronics,See more BOYTONE Bt-210f Bluetooth Wireless Speaker Mp3...,Home Theater Systems,MP3 Player Accessories,Home Audio,Audio,Cell,Stereo Shelf Systems",Boytone,Boytone - 2500W 2.1-Ch. Home Theater System - Black Diamond,Electronics
AVpgMuGwLJeJML43KY_c,70,70,Yes,New,USD,2017-10-10T05:00:00Z,FALSE,Boytone,"Stereos,Portable Bluetooth Speakers,TV, Video & Home Audio,Speaker Systems,Portable Audio & Video,Electronics,See more Black BOYTONE Bt-210f 30 Watt FM Radio Bluetoo...,Speakers,Home Audio & Theater,All Home Speakers,Consumer Electronics,See more BOYTONE Bt-210f Bluetooth Wireless Speaker Mp3...,Home Theater Systems,MP3 Player Accessories,Home Audio,Audio,Cell,Stereo Shelf Systems",Boytone,Boytone - 2500W 2.1-Ch. Home Theater System - Black Diamond,Electronics
AVpgMuGwLJeJML43KY_c,67,67,Yes,New,USD,2017-08-28T07:00:00Z,FALSE,Boytone,"Stereos,Portable Bluetooth Speakers,TV, Video & Home Audio,Speaker Systems,Portable Audio & Video,Electronics,See more Black BOYTONE Bt-210f 30 Watt FM Radio Bluetoo...,Speakers,Home Audio & Theater,All Home Speakers,Consumer Electronics,See more BOYTONE Bt-210f Bluetooth Wireless Speaker Mp3...,Home Theater Systems,MP3 Player Accessories,Home Audio,Audio,Cell,Stereo Shelf Systems",Boytone,Boytone - 2500W 2.1-Ch. Home Theater System - Black Diamond,Electronics
AVpgMuGwLJeJML43KY_c,66,66,In Stock,New,USD,2017-10-24T04:00:00Z,FALSE,Boytone,"Stereos,Portable Bluetooth Speakers,TV, Video & Home Audio,Speaker Systems,Portable Audio & Video,Electronics,See more Black BOYTONE Bt-210f 30 Watt FM Radio Bluetoo...,Speakers,Home Audio & Theater,All Home Speakers,Consumer Electronics,See more BOYTONE Bt-210f Bluetooth Wireless Speaker Mp3...,Home Theater Systems,MP3 Player Accessories,Home Audio,Audio,Cell,Stereo Shelf Systems",Boytone,Boytone - 2500W 2.1-Ch. Home Theater System - Black Diamond,Electronics
AVpgMuGwLJeJML43KY_c,75,75,In Stock,New,USD,2017-08-15T15:00:00Z,FALSE,Boytone,"Stereos,Portable Bluetooth Speakers,TV, Video & Home Audio,Speaker Systems,Portable Audio & Video,Electronics,See more Black BOYTONE Bt-210f 30 Watt FM Radio Bluetoo...,Speakers,Home Audio & Theater,All Home Speakers,Consumer Electronics,See more BOYTONE Bt-210f Bluetooth Wireless Speaker Mp3...,Home Theater Systems,MP3 Player Accessories,Home Audio,Audio,Cell,Stereo Shelf Systems",Boytone,Boytone - 2500W 2.1-Ch. Home Theater System - Black Diamond,Electronics
AVpgMuGwLJeJML43KY_c,66,66,Yes,New,USD,2017-08-12T09:00:00Z,FALSE,Boytone,"Stereos,Portable Bluetooth Speakers,TV, Video & Home Audio,Speaker Systems,Portable Audio & Video,Electronics,See more Black BOYTONE Bt-210f 30 Watt FM Radio Bluetoo...,Speakers,Home Audio & Theater,All Home Speakers,Consumer Electronics,See more BOYTONE Bt-210f Bluetooth Wireless Speaker Mp3...,Home Theater Systems,MP3 Player Accessories,Home Audio,Audio,Cell,Stereo Shelf Systems",Boytone,Boytone - 2500W 2.1-Ch. Home Theater System - Black Diamond,Electronics
AVpgMuGwLJeJML43KY_c,70,70,In Stock,New,USD,2017-09-14T21:00:00Z,FALSE,Boytone,"Stereos,Portable Bluetooth Speakers,TV, Video & Home Audio,Speaker Systems,Portable Audio & Video,Electronics,See more Black BOYTONE Bt-210f 30 Watt FM Radio Bluetoo...,Speakers,Home Audio & Theater,All Home Speakers,Consumer Electronics,See more BOYTONE Bt-210f Bluetooth Wireless Speaker Mp3...,Home Theater Systems,MP3 Player Accessories,Home Audio,Audio,Cell,Stereo Shelf Systems",Boytone,Boytone - 2500W 2.1-Ch. Home Theater System - Black Diamond,Electronics
AVpgMuGwLJeJML43KY_c,69,64,In Stock,New,USD,2018-01-21T08:00:00Z,TRUE,Boytone,"Stereos,Portable Bluetooth Speakers,TV, Video & Home Audio,Speaker Systems,Portable Audio & Video,Electronics,See more Black BOYTONE Bt-210f 30 Watt FM Radio Bluetoo...,Speakers,Home Audio & Theater,All Home Speakers,Consumer Electronics,See more BOYTONE Bt-210f Bluetooth Wireless Speaker Mp3...,Home Theater Systems,MP3 Player Accessories,Home Audio,Audio,Cell,Stereo Shelf Systems",Boytone,Boytone - 2500W 2.1-Ch. Home Theater System - Black Diamond,Electronics
AVpgMuGwLJeJML43KY_c,70,70,TRUE,new,USD,2018-05-26T07:00:00Z,FALSE,Boytone,"Stereos,Portable Bluetooth Speakers,TV, Video & Home Audio,Speaker Systems,Portable Audio & Video,Electronics,See more Black BOYTONE Bt-210f 30 Watt FM Radio Bluetoo...,Speakers,Home Audio & Theater,All Home Speakers,Consumer Electronics,See more BOYTONE Bt-210f Bluetooth Wireless Speaker Mp3...,Home Theater Systems,MP3 Player Accessories,Home Audio,Audio,Cell,Stereo Shelf Systems",Boytone,Boytone - 2500W 2.1-Ch. Home Theater System - Black Diamond,Electronics
AVpgMuGwLJeJML43KY_c,65,65,In Stock,New,USD,2017-07-23T00:00:00Z,FALSE,Boytone,"Stereos,Portable Bluetooth Speakers,TV, Video & Home Audio,Speaker Systems,Portable Audio & Video,Electronics,See more Black BOYTONE Bt-210f 30 Watt FM Radio Bluetoo...,Speakers,Home Audio & Theater,All Home Speakers,Consumer Electronics,See more BOYTONE Bt-210f Bluetooth Wireless Speaker Mp3...,Home Theater Systems,MP3 Player Accessories,Home Audio,Audio,Cell,Stereo Shelf Systems",Boytone,Boytone - 2500W 2.1-Ch. Home Theater System - Black Diamond,Electronics
AVpgMuGwLJeJML43KY_c,65,65,Yes,New,USD,"2017-08-01T03:00:00Z,2017-07-26T15:00:00Z,2017-05-31T19:00:00Z,2017-05-31T18:00:00Z,2017-05-09T04:00:00Z,2017-05-01T05:00:00Z,2017-05-18T03:00:00Z,2017-04-04T04:00:00Z,2017-03-30T02:00:00Z,2017-03-10T14:00:00Z,2017-03-04T03:00:00Z,2017-03-03T14:00:00Z",FALSE,Boytone,"Stereos,Portable Bluetooth Speakers,TV, Video & Home Audio,Speaker Systems,Portable Audio & Video,Electronics,See more Black BOYTONE Bt-210f 30 Watt FM Radio Bluetoo...,Speakers,Home Audio & Theater,All Home Speakers,Consumer Electronics,See more BOYTONE Bt-210f Bluetooth Wireless Speaker Mp3...,Home Theater Systems,MP3 Player Accessories,Home Audio,Audio,Cell,Stereo Shelf Systems",Boytone,Boytone - 2500W 2.1-Ch. Home Theater System - Black Diamond,Electronics
AVpe9FXeLJeJML43zHrq,24,24,TRUE,new,USD,2018-05-26T16:00:00Z,FALSE,DENAQ,"Computers,Office,Computer Accessories,Computer Accessories & Peripherals,Laptop Accessories,Laptop Chargers & Adapters,Computers & Tablets,Electronics,Battery Chargers,Batteries,Office Technology",Dantona,DENAQ - AC Adapter for TOSHIBA SATELLITE 1700 1710 1715 1730 1735 1750 1755 1955 3000 3005 A100 M30X M35X - Black,Electronics
AVpe9FXeLJeJML43zHrq,32,32,TRUE,new,USD,2015-03-25T22:00:00Z,FALSE,DENAQ,"Computers,Office,Computer Accessories,Computer Accessories & Peripherals,Laptop Accessories,Laptop Chargers & Adapters,Computers & Tablets,Electronics,Battery Chargers,Batteries,Office Technology",Dantona,DENAQ - AC Adapter for TOSHIBA SATELLITE 1700 1710 1715 1730 1735 1750 1755 1955 3000 3005 A100 M30X M35X - Black,Electronics
AVpe9FXeLJeJML43zHrq,21,21,Yes,New,USD,2014-10-27T00:00:00Z,TRUE,DENAQ,"Computers,Office,Computer Accessories,Computer Accessories & Peripherals,Laptop Accessories,Laptop Chargers & Adapters,Computers & Tablets,Electronics,Battery Chargers,Batteries,Office Technology",Dantona,DENAQ - AC Adapter for TOSHIBA SATELLITE 1700 1710 1715 1730 1735 1750 1755 1955 3000 3005 A100 M30X M35X - Black,Electronics
AVpe9FXeLJeJML43zHrq,35,35,TRUE,new,USD,2015-04-23T09:00:00Z,FALSE,DENAQ,"Computers,Office,Computer Accessories,Computer Accessories & Peripherals,Laptop Accessories,Laptop Chargers & Adapters,Computers & Tablets,Electronics,Battery Chargers,Batteries,Office Technology",Dantona,DENAQ - AC Adapter for TOSHIBA SATELLITE 1700 1710 1715 1730 1735 1750 1755 1955 3000 3005 A100 M30X M35X - Black,Electronics
AVpe9FXeLJeJML43zHrq,24,24,Yes,New,USD,"2017-10-10T12:00:00Z,2017-09-12T05:00:00Z,2017-09-06T20:00:00Z,2017-08-30T09:00:00Z,2017-09-18T08:00:00Z,2017-08-23T04:00:00Z,2017-07-31T23:00:00Z,2017-08-01T07:00:00Z,2017-07-26T21:00:00Z,2017-06-29T22:00:00Z,2017-06-01T18:00:00Z,2017-06-01T20:00:00Z,2017-05-09T11:00:00Z,2017-05-01T18:00:00Z,2017-03-30T10:00:00Z,2017-03-15T15:00:00Z,2017-03-10T23:00:00Z,2017-03-04T11:00:00Z,2016-11-08T00:00:00Z",FALSE,DENAQ,"Computers,Office,Computer Accessories,Computer Accessories & Peripherals,Laptop Accessories,Laptop Chargers & Adapters,Computers & Tablets,Electronics,Battery Chargers,Batteries,Office Technology",Dantona,DENAQ - AC Adapter for TOSHIBA SATELLITE 1700 1710 1715 1730 1735 1750 1755 1955 3000 3005 A100 M30X M35X - Black,Electronics
AVpfVJXu1cnluZ0-iwTT,291,291,Yes,New,USD,"2017-08-01T00:00:00Z,2017-08-01T17:00:00Z,2017-07-26T21:00:00Z,2017-05-01T15:00:00Z,2017-05-09T15:00:00Z,2017-05-18T08:00:00Z,2017-03-30T10:00:00Z,2017-03-15T17:00:00Z,2017-03-10T22:00:00Z,2017-03-04T10:00:00Z",FALSE,DreamWave,"Portable Bluetooth Speakers,Bluetooth & Wireless Speakers,Portable Audio & Video,Electronics,Portable Speakers & Docks,Audio",,"DreamWave - Tremor Portable Bluetooth Speaker - Green,Black",Electronics
AVpfVJXu1cnluZ0-iwTT,280,280,Yes,New,USD,"2017-06-01T17:00:00Z,2017-06-01T19:00:00Z",FALSE,DreamWave,"Portable Bluetooth Speakers,Bluetooth & Wireless Speakers,Portable Audio & Video,Electronics,Portable Speakers & Docks,Audio",,"DreamWave - Tremor Portable Bluetooth Speaker - Green,Black",Electronics
AVpfVJXu1cnluZ0-iwTT,300,300,TRUE,new,USD,2018-05-26T06:00:00Z,FALSE,DreamWave,"Portable Bluetooth Speakers,Bluetooth & Wireless Speakers,Portable Audio & Video,Electronics,Portable Speakers & Docks,Audio",,"DreamWave - Tremor Portable Bluetooth Speaker - Green,Black",Electronics
AVpfVJXu1cnluZ0-iwTT,226,226,TRUE,new,USD,2018-05-26T06:00:00Z,TRUE,DreamWave,"Portable Bluetooth Speakers,Bluetooth & Wireless Speakers,Portable Audio & Video,Electronics,Portable Speakers & Docks,Audio",,"DreamWave - Tremor Portable Bluetooth Speaker - Green,Black",Electronics
AVpfVJXu1cnluZ0-iwTT,290,290,Yes,New,USD,"2017-10-10T20:00:00Z,2017-09-18T13:00:00Z,2017-08-30T07:00:00Z",FALSE,DreamWave,"Portable Bluetooth Speakers,Bluetooth & Wireless Speakers,Portable Audio & Video,Electronics,Portable Speakers & Docks,Audio",,"DreamWave - Tremor Portable Bluetooth Speaker - Green,Black",Electronics
AVphUeKeilAPnD_x3-Be,244,244,In Stock,New,USD,2018-01-18T12:00:00Z,FALSE,Yamaha,"Surround Speakers,Electronics Features,Surround Sound Systems,Frys,Electronics,All Home Theater Systems,TVs Entertainment,Speakers,Home Audio & Theater,Home Electronics,TV Sound Systems rxxbwxxcscxuvutetd,Home & Kitchen Features,Home Theater Systems,Audio Speakers,TV Sound Systems,Home Audio,Home Theater,Electrical,Audio",YAMAHA,NS-SP1800BL 5.1-Channel Home Theater System (Black),Electronics
AVphUeKeilAPnD_x3-Be,133,133,Yes,New,USD,2015-07-02T05:00:00Z,TRUE,Yamaha,"Surround Speakers,Electronics Features,Surround Sound Systems,Frys,Electronics,All Home Theater Systems,TVs Entertainment,Speakers,Home Audio & Theater,Home Electronics,TV Sound Systems rxxbwxxcscxuvutetd,Home & Kitchen Features,Home Theater Systems,Audio Speakers,TV Sound Systems,Home Audio,Home Theater,Electrical,Audio",YAMAHA,NS-SP1800BL 5.1-Channel Home Theater System (Black),Electronics
AVphUeKeilAPnD_x3-Be,150,150,Yes,New,USD,"2017-10-10T19:00:00Z,2017-09-06T17:00:00Z,2017-09-18T14:00:00Z,2017-08-30T07:00:00Z,2017-08-12T09:00:00Z,2017-08-01T05:00:00Z,2017-07-26T15:00:00Z,2017-05-31T19:00:00Z,2017-05-09T04:00:00Z,2017-05-01T05:00:00Z,2017-05-18T03:00:00Z,2017-04-04T04:00:00Z,2017-03-30T02:00:00Z,2017-03-10T15:00:00Z,2017-03-04T03:00:00Z,2017-03-03T14:00:00Z",FALSE,Yamaha,"Surround Speakers,Electronics Features,Surround Sound Systems,Frys,Electronics,All Home Theater Systems,TVs Entertainment,Speakers,Home Audio & Theater,Home Electronics,TV Sound Systems rxxbwxxcscxuvutetd,Home & Kitchen Features,Home Theater Systems,Audio Speakers,TV Sound Systems,Home Audio,Home Theater,Electrical,Audio",YAMAHA,NS-SP1800BL 5.1-Channel Home Theater System (Black),Electronics
AVphUeKeilAPnD_x3-Be,150,150,In Stock,New,USD,"2018-07-25T22:00:00Z,2017-12-06T21:00:00Z,2017-12-04T20:00:00Z,2018-05-04T10:00:00Z,2018-01-09T20:00:00Z,2017-08-22T04:00:00Z,2017-12-06T22:00:00Z,2017-08-19T02:00:00Z,2017-08-29T04:00:00Z,2017-11-18T10:00:00Z,2018-06-01T09:00:00Z",TRUE,Yamaha,"Surround Speakers,Electronics Features,Surround Sound Systems,Frys,Electronics,All Home Theater Systems,TVs Entertainment,Speakers,Home Audio & Theater,Home Electronics,TV Sound Systems rxxbwxxcscxuvutetd,Home & Kitchen Features,Home Theater Systems,Audio Speakers,TV Sound Systems,Home Audio,Home Theater,Electrical,Audio",YAMAHA,NS-SP1800BL 5.1-Channel Home Theater System (Black),Electronics
AVphUeKeilAPnD_x3-Be,137,137,Yes,New,USD,2015-03-10T19:00:00Z,TRUE,Yamaha,"Surround Speakers,Electronics Features,Surround Sound Systems,Frys,Electronics,All Home Theater Systems,TVs Entertainment,Speakers,Home Audio & Theater,Home Electronics,TV Sound Systems rxxbwxxcscxuvutetd,Home & Kitchen Features,Home Theater Systems,Audio Speakers,TV Sound Systems,Home Audio,Home Theater,Electrical,Audio",YAMAHA,NS-SP1800BL 5.1-Channel Home Theater System (Black),Electronics
AVpi6aLv1cnluZ0-Rv8A,255,255,Yes,New,USD,"2017-03-10T22:00:00Z,2017-03-04T10:00:00Z",TRUE,Universal Remote Control,"Audio & Video Accessories,Remote Controls,Electronics,TV Remote Controls,Universal Remote Controls,Accessories & Supplies,TV & Home Theater,TV & Home Theater Accessories",,Universal Remote Control - 48-Device Universal Remote - Black,Electronics
AVpi6aLv1cnluZ0-Rv8A,210,210,Yes,New,USD,2017-03-30T06:00:00Z,TRUE,Universal Remote Control,"Audio & Video Accessories,Remote Controls,Electronics,TV Remote Controls,Universal Remote Controls,Accessories & Supplies,TV & Home Theater,TV & Home Theater Accessories",,Universal Remote Control - 48-Device Universal Remote - Black,Electronics
AVpi6aLv1cnluZ0-Rv8A,300,300,undefined,new,USD,2018-05-26T07:00:00Z,FALSE,Universal Remote Control,"Audio & Video Accessories,Remote Controls,Electronics,TV Remote Controls,Universal Remote Controls,Accessories & Supplies,TV & Home Theater,TV & Home Theater Accessories",,Universal Remote Control - 48-Device Universal Remote - Black,Electronics
AVpi6aLv1cnluZ0-Rv8A,240,240,Yes,New,USD,"2017-10-10T22:00:00Z,2017-09-12T03:00:00Z,2017-09-06T18:00:00Z,2017-08-30T06:00:00Z,2017-09-18T16:00:00Z,2017-07-31T23:00:00Z,2017-08-01T07:00:00Z,2017-07-26T20:00:00Z,2017-07-11T06:00:00Z,2017-07-07T14:00:00Z,2017-06-01T19:00:00Z,2017-06-01T12:00:00Z,2017-05-09T11:00:00Z,2017-05-01T20:00:00Z,2017-05-18T05:00:00Z",TRUE,Universal Remote Control,"Audio & Video Accessories,Remote Controls,Electronics,TV Remote Controls,Universal Remote Controls,Accessories & Supplies,TV & Home Theater,TV & Home Theater Accessories",,Universal Remote Control - 48-Device Universal Remote - Black,Electronics
AVpi6aLv1cnluZ0-Rv8A,300,300,Yes,New,USD,"2017-10-10T22:00:00Z,2017-09-12T03:00:00Z,2017-09-06T18:00:00Z,2017-08-30T06:00:00Z,2017-09-18T16:00:00Z,2017-07-31T23:00:00Z,2017-08-01T07:00:00Z,2017-07-26T20:00:00Z,2017-06-01T19:00:00Z,2017-06-01T12:00:00Z,2017-05-09T11:00:00Z,2017-05-01T20:00:00Z,2017-05-18T05:00:00Z,2017-03-30T06:00:00Z,2017-03-10T22:00:00Z,2017-03-04T10:00:00Z",FALSE,Universal Remote Control,"Audio & Video Accessories,Remote Controls,Electronics,TV Remote Controls,Universal Remote Controls,Accessories & Supplies,TV & Home Theater,TV & Home Theater Accessories",,Universal Remote Control - 48-Device Universal Remote - Black,Electronics
AVpf0Nyo1cnluZ0-rzhu,499,499,In Stock,New,USD,"2018-01-12T10:00:00Z,2018-05-04T11:00:00Z,2018-01-09T20:00:00Z,2017-11-18T10:00:00Z,2018-06-01T09:00:00Z",FALSE,Bose,"Surround Speakers,TV, Video & Home Audio,Surround Sound Systems,Electronics,All Home Theater Systems,TVs Entertainment,Speakers,Consumer Electronics,Home Theater Systems,TV Sound Systems,Audio & Home Theatre,Home Audio,Audio",Bose,Acoustimass 6 Series V Home Theater Speaker System (Black),Electronics
AVpf0Nyo1cnluZ0-rzhu,700,700,Yes,New,USD,"2017-10-10T05:00:00Z,2017-09-06T17:00:00Z,2017-08-30T07:00:00Z,2017-09-18T14:00:00Z,2017-08-12T10:00:00Z,2017-07-31T23:00:00Z,2017-08-01T07:00:00Z,2017-07-26T15:00:00Z,2017-05-31T19:00:00Z,2017-05-18T04:00:00Z,2017-03-10T15:00:00Z,2017-03-04T03:00:00Z,2017-03-03T14:00:00Z",FALSE,Bose,"Surround Speakers,TV, Video & Home Audio,Surround Sound Systems,Electronics,All Home Theater Systems,TVs Entertainment,Speakers,Consumer Electronics,Home Theater Systems,TV Sound Systems,Audio & Home Theatre,Home Audio,Audio",Bose,Acoustimass 6 Series V Home Theater Speaker System (Black),Electronics
AVpf0Nyo1cnluZ0-rzhu,699,699,In Stock,New,USD,"2017-11-18T10:00:00Z,2017-08-29T04:00:00Z,2017-08-22T04:00:00Z,2017-08-19T02:00:00Z",FALSE,Bose,"Surround Speakers,TV, Video & Home Audio,Surround Sound Systems,Electronics,All Home Theater Systems,TVs Entertainment,Speakers,Consumer Electronics,Home Theater Systems,TV Sound Systems,Audio & Home Theatre,Home Audio,Audio",Bose,Acoustimass 6 Series V Home Theater Speaker System (Black),Electronics
AVpf0Nyo1cnluZ0-rzhu,690,690,yes,New,USD,2017-08-28T18:00:00Z,FALSE,Bose,"Surround Speakers,TV, Video & Home Audio,Surround Sound Systems,Electronics,All Home Theater Systems,TVs Entertainment,Speakers,Consumer Electronics,Home Theater Systems,TV Sound Systems,Audio & Home Theatre,Home Audio,Audio",Bose,Acoustimass 6 Series V Home Theater Speaker System (Black),Electronics
AVpf0Nyo1cnluZ0-rzhu,599,599,In Stock,New,USD,"2017-12-06T22:00:00Z,2017-12-06T21:00:00Z,2017-12-04T20:00:00Z",FALSE,Bose,"Surround Speakers,TV, Video & Home Audio,Surround Sound Systems,Electronics,All Home Theater Systems,TVs Entertainment,Speakers,Consumer Electronics,Home Theater Systems,TV Sound Systems,Audio & Home Theatre,Home Audio,Audio",Bose,Acoustimass 6 Series V Home Theater Speaker System (Black),Electronics
AWOpOCd2YSSHbkXw07ei,225,225,TRUE,new,USD,2018-05-26T13:00:00Z,TRUE,Samsung,"Internal Solid State Drives,Solid State Drives,Computers & Accessories,Computer Accessories & Peripherals,Electronics,Computers & Tablets,Hard Drives & Storage,Data Storage",,Samsung - 850 PRO 512GB Internal SATA III Solid State Drive for Laptops,Electronics
AWOpOCd2YSSHbkXw07ei,250,250,TRUE,new,USD,2018-05-26T13:00:00Z,FALSE,Samsung,"Internal Solid State Drives,Solid State Drives,Computers & Accessories,Computer Accessories & Peripherals,Electronics,Computers & Tablets,Hard Drives & Storage,Data Storage",,Samsung - 850 PRO 512GB Internal SATA III Solid State Drive for Laptops,Electronics
AV2Z1Efc-jtxr-f39lm6,140,140,Yes,New,USD,"2017-07-31T23:00:00Z,2017-07-26T21:00:00Z",FALSE,Corsair,"Computers,Memory (RAM),Computers & Accessories,Computer Components,Memory Upgrades,Memory,Electronics,Computers & Tablets,Computer Cards & Components",,Corsair Vengeance LPX 16GB (2x8GB) DDR4 DRAM 3000MHz C15 Desktop Memory Kit - Black (CMK16GX4M2B3000C15),Electronics
AV2Z1Efc-jtxr-f39lm6,163,163,Yes,New,USD,2017-10-10T13:00:00Z,FALSE,Corsair,"Computers,Memory (RAM),Computers & Accessories,Computer Components,Memory Upgrades,Memory,Electronics,Computers & Tablets,Computer Cards & Components",,Corsair Vengeance LPX 16GB (2x8GB) DDR4 DRAM 3000MHz C15 Desktop Memory Kit - Black (CMK16GX4M2B3000C15),Electronics
AV2Z1Efc-jtxr-f39lm6,190,190,TRUE,new,USD,2018-05-26T08:00:00Z,FALSE,Corsair,"Computers,Memory (RAM),Computers & Accessories,Computer Components,Memory Upgrades,Memory,Electronics,Computers & Tablets,Computer Cards & Components",,Corsair Vengeance LPX 16GB (2x8GB) DDR4 DRAM 3000MHz C15 Desktop Memory Kit - Black (CMK16GX4M2B3000C15),Electronics
AV2Z1Efc-jtxr-f39lm6,195,195,In Stock,New,USD,2017-09-28T04:00:00Z,FALSE,Corsair,"Computers,Memory (RAM),Computers & Accessories,Computer Components,Memory Upgrades,Memory,Electronics,Computers & Tablets,Computer Cards & Components",,Corsair Vengeance LPX 16GB (2x8GB) DDR4 DRAM 3000MHz C15 Desktop Memory Kit - Black (CMK16GX4M2B3000C15),Electronics
AV2Z1Efc-jtxr-f39lm6,150,150,Yes,New,USD,2017-09-06T20:00:00Z,FALSE,Corsair,"Computers,Memory (RAM),Computers & Accessories,Computer Components,Memory Upgrades,Memory,Electronics,Computers & Tablets,Computer Cards & Components",,Corsair Vengeance LPX 16GB (2x8GB) DDR4 DRAM 3000MHz C15 Desktop Memory Kit - Black (CMK16GX4M2B3000C15),Electronics
AV2Z1Efc-jtxr-f39lm6,148,148,Yes,New,USD,"2017-08-30T10:00:00Z,2017-08-23T08:00:00Z",FALSE,Corsair,"Computers,Memory (RAM),Computers & Accessories,Computer Components,Memory Upgrades,Memory,Electronics,Computers & Tablets,Computer Cards & Components",,Corsair Vengeance LPX 16GB (2x8GB) DDR4 DRAM 3000MHz C15 Desktop Memory Kit - Black (CMK16GX4M2B3000C15),Electronics
AV2Z1Efc-jtxr-f39lm6,159,159,In Stock,New,USD,2017-09-28T04:00:00Z,FALSE,Corsair,"Computers,Memory (RAM),Computers & Accessories,Computer Components,Memory Upgrades,Memory,Electronics,Computers & Tablets,Computer Cards & Components",,Corsair Vengeance LPX 16GB (2x8GB) DDR4 DRAM 3000MHz C15 Desktop Memory Kit - Black (CMK16GX4M2B3000C15),Electronics
AV2Z1Efc-jtxr-f39lm6,155,155,Yes,New,USD,2017-09-18T09:00:00Z,FALSE,Corsair,"Computers,Memory (RAM),Computers & Accessories,Computer Components,Memory Upgrades,Memory,Electronics,Computers & Tablets,Computer Cards & Components",,Corsair Vengeance LPX 16GB (2x8GB) DDR4 DRAM 3000MHz C15 Desktop Memory Kit - Black (CMK16GX4M2B3000C15),Electronics
AV2Z1Efc-jtxr-f39lm6,152,152,Yes,New,USD,2017-09-12T06:00:00Z,FALSE,Corsair,"Computers,Memory (RAM),Computers & Accessories,Computer Components,Memory Upgrades,Memory,Electronics,Computers & Tablets,Computer Cards & Components",,Corsair Vengeance LPX 16GB (2x8GB) DDR4 DRAM 3000MHz C15 Desktop Memory Kit - Black (CMK16GX4M2B3000C15),Electronics
AVpgNkVc1cnluZ0-yJB6,56,56,Yes,New,USD,"2017-09-08T05:00:00Z,2017-08-31T21:00:00Z",FALSE,Outdoor Tech,"Bluetooth & Wireless Speakers,Portable Audio & Video,Electronics,MP3 & MP4 Player Accessories,Portable Speakers,Audio",,Outdoor Tech Buckshot Pro Bluetooth Speaker,Electronics
AVpgNkVc1cnluZ0-yJB6,57,57,Yes,New,USD,"2017-06-01T17:00:00Z,2017-06-01T19:00:00Z,2017-05-01T15:00:00Z,2017-05-10T20:00:00Z,2017-05-09T15:00:00Z,2017-04-26T09:00:00Z,2017-05-18T08:00:00Z,2017-03-31T08:00:00Z,2017-03-30T10:00:00Z,2017-03-22T20:00:00Z,2017-03-15T17:00:00Z,2017-03-10T22:00:00Z,2017-03-05T08:00:00Z,2017-03-04T10:00:00Z",FALSE,Outdoor Tech,"Bluetooth & Wireless Speakers,Portable Audio & Video,Electronics,MP3 & MP4 Player Accessories,Portable Speakers,Audio",,Outdoor Tech Buckshot Pro Bluetooth Speaker,Electronics
AVpgNkVc1cnluZ0-yJB6,66,66,Yes,New,USD,2017-08-01T00:00:00Z,FALSE,Outdoor Tech,"Bluetooth & Wireless Speakers,Portable Audio & Video,Electronics,MP3 & MP4 Player Accessories,Portable Speakers,Audio",,Outdoor Tech Buckshot Pro Bluetooth Speaker,Electronics
AVpgNkVc1cnluZ0-yJB6,72,72,Yes,New,USD,"2017-09-08T05:00:00Z,2017-08-31T21:00:00Z,2017-08-30T07:00:00Z,2017-08-01T00:00:00Z,2017-08-01T17:00:00Z,2017-07-26T21:00:00Z",FALSE,Outdoor Tech,"Bluetooth & Wireless Speakers,Portable Audio & Video,Electronics,MP3 & MP4 Player Accessories,Portable Speakers,Audio",,Outdoor Tech Buckshot Pro Bluetooth Speaker,Electronics
AVpgNkVc1cnluZ0-yJB6,64,64,Yes,New,USD,2017-08-01T17:00:00Z,FALSE,Outdoor Tech,"Bluetooth & Wireless Speakers,Portable Audio & Video,Electronics,MP3 & MP4 Player Accessories,Portable Speakers,Audio",,Outdoor Tech Buckshot Pro Bluetooth Speaker,Electronics
AVpgNkVc1cnluZ0-yJB6,60,60,Yes,New,USD,2017-08-30T07:00:00Z,FALSE,Outdoor Tech,"Bluetooth & Wireless Speakers,Portable Audio & Video,Electronics,MP3 & MP4 Player Accessories,Portable Speakers,Audio",,Outdoor Tech Buckshot Pro Bluetooth Speaker,Electronics
AVpgNkVc1cnluZ0-yJB6,65,65,Yes,New,USD,2017-07-26T21:00:00Z,FALSE,Outdoor Tech,"Bluetooth & Wireless Speakers,Portable Audio & Video,Electronics,MP3 & MP4 Player Accessories,Portable Speakers,Audio",,Outdoor Tech Buckshot Pro Bluetooth Speaker,Electronics
AVpgNkVc1cnluZ0-yJB6,59,59,Yes,New,USD,2017-03-10T22:00:00Z,FALSE,Outdoor Tech,"Bluetooth & Wireless Speakers,Portable Audio & Video,Electronics,MP3 & MP4 Player Accessories,Portable Speakers,Audio",,Outdoor Tech Buckshot Pro Bluetooth Speaker,Electronics
AVpgNkVc1cnluZ0-yJB6,58,58,Yes,New,USD,"2017-06-01T17:00:00Z,2017-06-01T19:00:00Z,2017-05-01T15:00:00Z,2017-05-10T20:00:00Z,2017-05-09T15:00:00Z,2017-04-26T09:00:00Z,2017-05-18T08:00:00Z,2017-03-31T08:00:00Z,2017-03-30T10:00:00Z,2017-03-22T20:00:00Z,2017-03-15T17:00:00Z,2017-03-05T08:00:00Z,2017-03-04T10:00:00Z",FALSE,Outdoor Tech,"Bluetooth & Wireless Speakers,Portable Audio & Video,Electronics,MP3 & MP4 Player Accessories,Portable Speakers,Audio",,Outdoor Tech Buckshot Pro Bluetooth Speaker,Electronics
AVpgGPyq1cnluZ0-wbTJ,100,100,In Stock,New,USD,"2017-12-06T13:00:00Z,2017-11-16T19:00:00Z,2017-11-09T03:00:00Z,2017-11-01T13:00:00Z,2017-09-17T09:00:00Z,2017-08-15T15:00:00Z,2017-07-23T00:00:00Z",FALSE,Motorola,"Electronics,Cameras & Camcorders,All Camcorders,Home, Garage & Office,Pet Supplies & Technology,Pet Cameras & Technology,Wearable Pet Cameras,Computers & Accessories,Computer Accessories & Peripherals,Audio & Video Accessories,Webcams,Housewares,Pet Cameras,Dog,Training Aids,Training & Behavior,Networking,Computers,Routers,pet,Security & Surveillance,Surveillance Video Equipment,Security Monitors & Displays",Motorola,Motorola Wi-Fi Pet Video Camera,Electronics
AVpgGPyq1cnluZ0-wbTJ,100,100,Yes,New,USD,"2017-10-10T16:00:00Z,2017-08-28T06:00:00Z,2017-08-11T14:00:00Z,2017-07-31T22:00:00Z,2017-08-01T18:00:00Z,2017-07-26T15:00:00Z",FALSE,Motorola,"Electronics,Cameras & Camcorders,All Camcorders,Home, Garage & Office,Pet Supplies & Technology,Pet Cameras & Technology,Wearable Pet Cameras,Computers & Accessories,Computer Accessories & Peripherals,Audio & Video Accessories,Webcams,Housewares,Pet Cameras,Dog,Training Aids,Training & Behavior,Networking,Computers,Routers,pet,Security & Surveillance,Surveillance Video Equipment,Security Monitors & Displays",Motorola,Motorola Wi-Fi Pet Video Camera,Electronics
AWACBprXKZqtpbFMVBZo,200,200,TRUE,new,USD,2018-05-26T15:00:00Z,FALSE,Samsung,"Headphones,Bluetooth Headphones,All Headphones,Consumer Electronics,Portable Audio & Headphones,Earbud Headphones,Electronics,Audio,Mobile",,Details About Samsung Gear Iconx 2018 Edition Cordfree Fitness Earbuds Black (us Version),Electronics
AWACBprXKZqtpbFMVBZo,150,150,In Stock,New,USD,2018-04-26T16:00:00Z,TRUE,Samsung,"Headphones,Bluetooth Headphones,All Headphones,Consumer Electronics,Portable Audio & Headphones,Earbud Headphones,Electronics,Audio,Mobile",,Details About Samsung Gear Iconx 2018 Edition Cordfree Fitness Earbuds Black (us Version),Electronics
AWACBprXKZqtpbFMVBZo,160,160,In Stock,New,USD,"2018-05-04T08:00:00Z,2018-06-01T09:00:00Z",TRUE,Samsung,"Headphones,Bluetooth Headphones,All Headphones,Consumer Electronics,Portable Audio & Headphones,Earbud Headphones,Electronics,Audio,Mobile",,Details About Samsung Gear Iconx 2018 Edition Cordfree Fitness Earbuds Black (us Version),Electronics
AWACBprXKZqtpbFMVBZo,199,199,In Stock,New,USD,2018-04-26T16:00:00Z,FALSE,Samsung,"Headphones,Bluetooth Headphones,All Headphones,Consumer Electronics,Portable Audio & Headphones,Earbud Headphones,Electronics,Audio,Mobile",,Details About Samsung Gear Iconx 2018 Edition Cordfree Fitness Earbuds Black (us Version),Electronics
AWACBprXKZqtpbFMVBZo,155,155,yes,New,USD,2018-06-08T15:00:00Z,FALSE,Samsung,"Headphones,Bluetooth Headphones,All Headphones,Consumer Electronics,Portable Audio & Headphones,Earbud Headphones,Electronics,Audio,Mobile",,Details About Samsung Gear Iconx 2018 Edition Cordfree Fitness Earbuds Black (us Version),Electronics
AWACBprXKZqtpbFMVBZo,200,200,In Stock,New,USD,"2017-12-06T18:00:00Z,2018-05-04T08:00:00Z,2017-12-06T20:00:00Z,2017-12-04T20:00:00Z,2018-04-26T16:00:00Z,2017-11-18T09:00:00Z,2018-06-01T09:00:00Z",FALSE,Samsung,"Headphones,Bluetooth Headphones,All Headphones,Consumer Electronics,Portable Audio & Headphones,Earbud Headphones,Electronics,Audio,Mobile",,Details About Samsung Gear Iconx 2018 Edition Cordfree Fitness Earbuds Black (us Version),Electronics
AVpfVI9wilAPnD_xZxH-,90,90,In Stock,New,USD,2017-12-12T19:00:00Z,FALSE,WD,"Computers,Internal Hard Drives,Internal Drives,Drives, Storage & Blank Media,Computers & Accessories,Hard Drives (HDD, SSD & NAS),Computer Accessories & Peripherals,Internal Hard Disk Drives,Electronics,Hard Drives & Storage,Drives Storage,Computers/Tablets & Networking,Computer Components,Computers & Tablets,Data Storage",,2TB Red 5400 rpm SATA III 3.5 Internal NAS HDD,Electronics
AVpfVI9wilAPnD_xZxH-,99,99,yes,New,USD,2017-07-14T23:00:00Z,FALSE,WD,"Computers,Internal Hard Drives,Internal Drives,Drives, Storage & Blank Media,Computers & Accessories,Hard Drives (HDD, SSD & NAS),Computer Accessories & Peripherals,Internal Hard Disk Drives,Electronics,Hard Drives & Storage,Drives Storage,Computers/Tablets & Networking,Computer Components,Computers & Tablets,Data Storage",,2TB Red 5400 rpm SATA III 3.5 Internal NAS HDD,Electronics
AVpfVI9wilAPnD_xZxH-,84,84,In Stock,New,USD,"2018-05-07T17:00:00Z,2018-06-04T15:00:00Z,2018-07-25T20:00:00Z",TRUE,WD,"Computers,Internal Hard Drives,Internal Drives,Drives, Storage & Blank Media,Computers & Accessories,Hard Drives (HDD, SSD & NAS),Computer Accessories & Peripherals,Internal Hard Disk Drives,Electronics,Hard Drives & Storage,Drives Storage,Computers/Tablets & Networking,Computer Components,Computers & Tablets,Data Storage",,2TB Red 5400 rpm SATA III 3.5 Internal NAS HDD,Electronics
AVpfVI9wilAPnD_xZxH-,85,85,In Stock,New,USD,"2018-01-09T22:00:00Z,2017-12-08T09:00:00Z,2017-12-08T10:00:00Z,2017-12-05T21:00:00Z,2017-11-18T17:00:00Z",FALSE,WD,"Computers,Internal Hard Drives,Internal Drives,Drives, Storage & Blank Media,Computers & Accessories,Hard Drives (HDD, SSD & NAS),Computer Accessories & Peripherals,Internal Hard Disk Drives,Electronics,Hard Drives & Storage,Drives Storage,Computers/Tablets & Networking,Computer Components,Computers & Tablets,Data Storage",,2TB Red 5400 rpm SATA III 3.5 Internal NAS HDD,Electronics
AVpfVI9wilAPnD_xZxH-,91,91,In Stock,New,USD,2017-07-23T07:00:00Z,FALSE,WD,"Computers,Internal Hard Drives,Internal Drives,Drives, Storage & Blank Media,Computers & Accessories,Hard Drives (HDD, SSD & NAS),Computer Accessories & Peripherals,Internal Hard Disk Drives,Electronics,Hard Drives & Storage,Drives Storage,Computers/Tablets & Networking,Computer Components,Computers & Tablets,Data Storage",,2TB Red 5400 rpm SATA III 3.5 Internal NAS HDD,Electronics
AVpfVI9wilAPnD_xZxH-,85,85,Yes,New,USD,"2017-10-10T02:00:00Z,2017-08-28T09:00:00Z,2017-08-12T06:00:00Z,2017-07-31T23:00:00Z,2017-07-26T16:00:00Z",FALSE,WD,"Computers,Internal Hard Drives,Internal Drives,Drives, Storage & Blank Media,Computers & Accessories,Hard Drives (HDD, SSD & NAS),Computer Accessories & Peripherals,Internal Hard Disk Drives,Electronics,Hard Drives & Storage,Drives Storage,Computers/Tablets & Networking,Computer Components,Computers & Tablets,Data Storage",,2TB Red 5400 rpm SATA III 3.5 Internal NAS HDD,Electronics
AVpfVI9wilAPnD_xZxH-,90,90,In Stock,New,USD,"2017-10-17T17:00:00Z,2017-09-22T09:00:00Z,2017-09-20T18:00:00Z,2017-08-22T14:00:00Z,2017-08-29T16:00:00Z,2017-08-19T09:00:00Z",FALSE,WD,"Computers,Internal Hard Drives,Internal Drives,Drives, Storage & Blank Media,Computers & Accessories,Hard Drives (HDD, SSD & NAS),Computer Accessories & Peripherals,Internal Hard Disk Drives,Electronics,Hard Drives & Storage,Drives Storage,Computers/Tablets & Networking,Computer Components,Computers & Tablets,Data Storage",,2TB Red 5400 rpm SATA III 3.5 Internal NAS HDD,Electronics
AVpi9AE_LJeJML43qkYJ,199,199,yes,New,USD,2017-09-20T09:00:00Z,FALSE,Panamax,"Audio Power Conditioners,Consumer Electronics,A/V Surge Protectors & Power,Musical Instruments & Gear,Pro Audio Equipment,Extension Cords & Surge Protectors,Multipurpose Batteries & Power,TV & Home Theater,Electrical,Surge Protectors,TV & Home Theater Accessories,Surge Protectors, Power Strips",,Details About Panamax Mr4000 8outlets Surge Protector Home Theater Power Line Management,Electronics
AVpi9AE_LJeJML43qkYJ,160,160,Yes,New,USD,2017-03-02T22:00:00Z,FALSE,Panamax,"Audio Power Conditioners,Consumer Electronics,A/V Surge Protectors & Power,Musical Instruments & Gear,Pro Audio Equipment,Extension Cords & Surge Protectors,Multipurpose Batteries & Power,TV & Home Theater,Electrical,Surge Protectors,TV & Home Theater Accessories,Surge Protectors, Power Strips",,Details About Panamax Mr4000 8outlets Surge Protector Home Theater Power Line Management,Electronics
AVpi9AE_LJeJML43qkYJ,200,200,TRUE,new,USD,2018-05-26T16:00:00Z,FALSE,Panamax,"Audio Power Conditioners,Consumer Electronics,A/V Surge Protectors & Power,Musical Instruments & Gear,Pro Audio Equipment,Extension Cords & Surge Protectors,Multipurpose Batteries & Power,TV & Home Theater,Electrical,Surge Protectors,TV & Home Theater Accessories,Surge Protectors, Power Strips",,Details About Panamax Mr4000 8outlets Surge Protector Home Theater Power Line Management,Electronics
AVpi9AE_LJeJML43qkYJ,75,75,yes,Seller refurbished,USD,2018-06-05T04:00:00Z,FALSE,Panamax,"Audio Power Conditioners,Consumer Electronics,A/V Surge Protectors & Power,Musical Instruments & Gear,Pro Audio Equipment,Extension Cords & Surge Protectors,Multipurpose Batteries & Power,TV & Home Theater,Electrical,Surge Protectors,TV & Home Theater Accessories,Surge Protectors, Power Strips",,Details About Panamax Mr4000 8outlets Surge Protector Home Theater Power Line Management,Electronics
AVpiFC-LilAPnD_xAgKu,52,52,In Stock,New,USD,2017-12-08T01:00:00Z,FALSE,Alpine,"Parts & Accessories,Car Speakers,6.5\\ Car Speakers,Electronics,Car Electronics,Speakers,eBay Motors,Car Audio,Consumer Electronics,Auto & Tires,All Car Speakers & Subwoofers,Coaxial Speakers,Speakers & Speaker Systems,Car & Vehicle Electronics,Auto Electronics,Car Speakers & Speaker Systems,Car Speakers and Subwoofers,Vehicle Electronics & GPS,Car Electronics & GPS",,"Details About Alpine 480w 6.5 2way Typee Coaxial Car Speakers W/ Silk Tweeters | Spe6000""",Electronics
AVpiFC-LilAPnD_xAgKu,100,50,In Stock,New,USD,2018-01-22T21:00:00Z,TRUE,Alpine,"Parts & Accessories,Car Speakers,6.5\\ Car Speakers,Electronics,Car Electronics,Speakers,eBay Motors,Car Audio,Consumer Electronics,Auto & Tires,All Car Speakers & Subwoofers,Coaxial Speakers,Speakers & Speaker Systems,Car & Vehicle Electronics,Auto Electronics,Car Speakers & Speaker Systems,Car Speakers and Subwoofers,Vehicle Electronics & GPS,Car Electronics & GPS",,"Details About Alpine 480w 6.5 2way Typee Coaxial Car Speakers W/ Silk Tweeters | Spe6000""",Electronics
AVpiFC-LilAPnD_xAgKu,50,50,yes,New,USD,2018-06-20T01:00:00Z,FALSE,Alpine,"Parts & Accessories,Car Speakers,6.5\\ Car Speakers,Electronics,Car Electronics,Speakers,eBay Motors,Car Audio,Consumer Electronics,Auto & Tires,All Car Speakers & Subwoofers,Coaxial Speakers,Speakers & Speaker Systems,Car & Vehicle Electronics,Auto Electronics,Car Speakers & Speaker Systems,Car Speakers and Subwoofers,Vehicle Electronics & GPS,Car Electronics & GPS",,"Details About Alpine 480w 6.5 2way Typee Coaxial Car Speakers W/ Silk Tweeters | Spe6000""",Electronics
AVpiFC-LilAPnD_xAgKu,67,67,Yes,New,USD,2017-04-04T09:00:00Z,TRUE,Alpine,"Parts & Accessories,Car Speakers,6.5\\ Car Speakers,Electronics,Car Electronics,Speakers,eBay Motors,Car Audio,Consumer Electronics,Auto & Tires,All Car Speakers & Subwoofers,Coaxial Speakers,Speakers & Speaker Systems,Car & Vehicle Electronics,Auto Electronics,Car Speakers & Speaker Systems,Car Speakers and Subwoofers,Vehicle Electronics & GPS,Car Electronics & GPS",,"Details About Alpine 480w 6.5 2way Typee Coaxial Car Speakers W/ Silk Tweeters | Spe6000""",Electronics
AVpiFC-LilAPnD_xAgKu,100,44,In Stock,New,USD,"2017-10-30T18:00:00Z,2017-10-28T19:00:00Z,2017-10-25T00:00:00Z,2017-10-21T12:00:00Z,2017-07-23T06:00:00Z",TRUE,Alpine,"Parts & Accessories,Car Speakers,6.5\\ Car Speakers,Electronics,Car Electronics,Speakers,eBay Motors,Car Audio,Consumer Electronics,Auto & Tires,All Car Speakers & Subwoofers,Coaxial Speakers,Speakers & Speaker Systems,Car & Vehicle Electronics,Auto Electronics,Car Speakers & Speaker Systems,Car Speakers and Subwoofers,Vehicle Electronics & GPS,Car Electronics & GPS",,"Details About Alpine 480w 6.5 2way Typee Coaxial Car Speakers W/ Silk Tweeters | Spe6000""",Electronics
AVpiFC-LilAPnD_xAgKu,80,80,Yes,New,USD,"2017-03-30T01:00:00Z,2017-03-15T17:00:00Z,2017-03-10T16:00:00Z,2017-03-04T01:00:00Z,2017-03-03T14:00:00Z",FALSE,Alpine,"Parts & Accessories,Car Speakers,6.5\\ Car Speakers,Electronics,Car Electronics,Speakers,eBay Motors,Car Audio,Consumer Electronics,Auto & Tires,All Car Speakers & Subwoofers,Coaxial Speakers,Speakers & Speaker Systems,Car & Vehicle Electronics,Auto Electronics,Car Speakers & Speaker Systems,Car Speakers and Subwoofers,Vehicle Electronics & GPS,Car Electronics & GPS",,"Details About Alpine 480w 6.5 2way Typee Coaxial Car Speakers W/ Silk Tweeters | Spe6000""",Electronics
AVpiFC-LilAPnD_xAgKu,44,44,In Stock,New,USD,"2017-11-16T18:00:00Z,2017-11-11T22:00:00Z",FALSE,Alpine,"Parts & Accessories,Car Speakers,6.5\\ Car Speakers,Electronics,Car Electronics,Speakers,eBay Motors,Car Audio,Consumer Electronics,Auto & Tires,All Car Speakers & Subwoofers,Coaxial Speakers,Speakers & Speaker Systems,Car & Vehicle Electronics,Auto Electronics,Car Speakers & Speaker Systems,Car Speakers and Subwoofers,Vehicle Electronics & GPS,Car Electronics & GPS",,"Details About Alpine 480w 6.5 2way Typee Coaxial Car Speakers W/ Silk Tweeters | Spe6000""",Electronics
AVpiFC-LilAPnD_xAgKu,73,73,Yes,New,USD,2017-07-09T06:00:00Z,TRUE,Alpine,"Parts & Accessories,Car Speakers,6.5\\ Car Speakers,Electronics,Car Electronics,Speakers,eBay Motors,Car Audio,Consumer Electronics,Auto & Tires,All Car Speakers & Subwoofers,Coaxial Speakers,Speakers & Speaker Systems,Car & Vehicle Electronics,Auto Electronics,Car Speakers & Speaker Systems,Car Speakers and Subwoofers,Vehicle Electronics & GPS,Car Electronics & GPS",,"Details About Alpine 480w 6.5 2way Typee Coaxial Car Speakers W/ Silk Tweeters | Spe6000""",Electronics
AVpiFC-LilAPnD_xAgKu,66,66,Yes,New,USD,2017-08-12T16:00:00Z,TRUE,Alpine,"Parts & Accessories,Car Speakers,6.5\\ Car Speakers,Electronics,Car Electronics,Speakers,eBay Motors,Car Audio,Consumer Electronics,Auto & Tires,All Car Speakers & Subwoofers,Coaxial Speakers,Speakers & Speaker Systems,Car & Vehicle Electronics,Auto Electronics,Car Speakers & Speaker Systems,Car Speakers and Subwoofers,Vehicle Electronics & GPS,Car Electronics & GPS",,"Details About Alpine 480w 6.5 2way Typee Coaxial Car Speakers W/ Silk Tweeters | Spe6000""",Electronics
AVpiFC-LilAPnD_xAgKu,72,72,Yes,New,USD,"2017-10-10T17:00:00Z,2017-08-12T16:00:00Z,2017-07-26T15:00:00Z,2017-06-01T18:00:00Z,2017-03-15T17:00:00Z,2017-03-10T16:00:00Z,2017-03-04T01:00:00Z,2017-03-03T14:00:00Z",TRUE,Alpine,"Parts & Accessories,Car Speakers,6.5\\ Car Speakers,Electronics,Car Electronics,Speakers,eBay Motors,Car Audio,Consumer Electronics,Auto & Tires,All Car Speakers & Subwoofers,Coaxial Speakers,Speakers & Speaker Systems,Car & Vehicle Electronics,Auto Electronics,Car Speakers & Speaker Systems,Car Speakers and Subwoofers,Vehicle Electronics & GPS,Car Electronics & GPS",,"Details About Alpine 480w 6.5 2way Typee Coaxial Car Speakers W/ Silk Tweeters | Spe6000""",Electronics
AVpiFC-LilAPnD_xAgKu,90,90,Yes,New,USD,"2017-10-10T17:00:00Z,2017-08-29T23:00:00Z,2017-07-31T22:00:00Z,2017-08-01T17:00:00Z,2017-05-09T11:00:00Z,2017-05-01T06:00:00Z,2017-05-18T04:00:00Z,2017-04-04T09:00:00Z",FALSE,Alpine,"Parts & Accessories,Car Speakers,6.5\\ Car Speakers,Electronics,Car Electronics,Speakers,eBay Motors,Car Audio,Consumer Electronics,Auto & Tires,All Car Speakers & Subwoofers,Coaxial Speakers,Speakers & Speaker Systems,Car & Vehicle Electronics,Auto Electronics,Car Speakers & Speaker Systems,Car Speakers and Subwoofers,Vehicle Electronics & GPS,Car Electronics & GPS",,"Details About Alpine 480w 6.5 2way Typee Coaxial Car Speakers W/ Silk Tweeters | Spe6000""",Electronics
AVpiFC-LilAPnD_xAgKu,81,81,Yes,New,USD,"2017-08-29T23:00:00Z,2017-07-31T22:00:00Z,2017-08-01T17:00:00Z,2017-07-07T13:00:00Z,2017-05-09T11:00:00Z,2017-05-01T06:00:00Z,2017-05-18T04:00:00Z",TRUE,Alpine,"Parts & Accessories,Car Speakers,6.5\\ Car Speakers,Electronics,Car Electronics,Speakers,eBay Motors,Car Audio,Consumer Electronics,Auto & Tires,All Car Speakers & Subwoofers,Coaxial Speakers,Speakers & Speaker Systems,Car & Vehicle Electronics,Auto Electronics,Car Speakers & Speaker Systems,Car Speakers and Subwoofers,Vehicle Electronics & GPS,Car Electronics & GPS",,"Details About Alpine 480w 6.5 2way Typee Coaxial Car Speakers W/ Silk Tweeters | Spe6000""",Electronics
AVpiFC-LilAPnD_xAgKu,65,65,Yes,New,USD,"2017-07-26T15:00:00Z,2017-06-01T18:00:00Z",TRUE,Alpine,"Parts & Accessories,Car Speakers,6.5\\ Car Speakers,Electronics,Car Electronics,Speakers,eBay Motors,Car Audio,Consumer Electronics,Auto & Tires,All Car Speakers & Subwoofers,Coaxial Speakers,Speakers & Speaker Systems,Car & Vehicle Electronics,Auto Electronics,Car Speakers & Speaker Systems,Car Speakers and Subwoofers,Vehicle Electronics & GPS,Car Electronics & GPS",,"Details About Alpine 480w 6.5 2way Typee Coaxial Car Speakers W/ Silk Tweeters | Spe6000""",Electronics
AVpiFC-LilAPnD_xAgKu,60,60,Yes,New,USD,2017-03-30T01:00:00Z,TRUE,Alpine,"Parts & Accessories,Car Speakers,6.5\\ Car Speakers,Electronics,Car Electronics,Speakers,eBay Motors,Car Audio,Consumer Electronics,Auto & Tires,All Car Speakers & Subwoofers,Coaxial Speakers,Speakers & Speaker Systems,Car & Vehicle Electronics,Auto Electronics,Car Speakers & Speaker Systems,Car Speakers and Subwoofers,Vehicle Electronics & GPS,Car Electronics & GPS",,"Details About Alpine 480w 6.5 2way Typee Coaxial Car Speakers W/ Silk Tweeters | Spe6000""",Electronics
AVpiSS1A1cnluZ0-LyAY,250,250,undefined,new,USD,2018-05-26T16:00:00Z,FALSE,Transcend,"Computers,Hard Drives,Internal Drives,Solid State Drives,Computers & Accessories,Computer Accessories & Peripherals,Electronics,Hard Drives & Storage,Drives Storage,Solid State Drives (SSDs),Internal Solid State Drives,Computers & Tablets,Data Storage Products,Data Storage",TRANSCEND Storage,Transcend - JetDrive 420 480GB Internal Serial ATA III Solid State Drive for Select Apple® Computers,Electronics
AVpiSS1A1cnluZ0-LyAY,290,290,Yes,New,USD,2014-09-28T20:00:00Z,FALSE,Transcend,"Computers,Hard Drives,Internal Drives,Solid State Drives,Computers & Accessories,Computer Accessories & Peripherals,Electronics,Hard Drives & Storage,Drives Storage,Solid State Drives (SSDs),Internal Solid State Drives,Computers & Tablets,Data Storage Products,Data Storage",TRANSCEND Storage,Transcend - JetDrive 420 480GB Internal Serial ATA III Solid State Drive for Select Apple® Computers,Electronics
AVpiSS1A1cnluZ0-LyAY,271,271,Yes,New,USD,2014-09-28T20:00:00Z,TRUE,Transcend,"Computers,Hard Drives,Internal Drives,Solid State Drives,Computers & Accessories,Computer Accessories & Peripherals,Electronics,Hard Drives & Storage,Drives Storage,Solid State Drives (SSDs),Internal Solid State Drives,Computers & Tablets,Data Storage Products,Data Storage",TRANSCEND Storage,Transcend - JetDrive 420 480GB Internal Serial ATA III Solid State Drive for Select Apple® Computers,Electronics
AVpiSS1A1cnluZ0-LyAY,349,349,In Stock,New,USD,"2018-01-27T16:00:00Z,2018-01-25T16:00:00Z,2018-01-09T22:00:00Z,2018-01-13T06:00:00Z,2017-12-09T12:00:00Z,2017-12-08T09:00:00Z,2017-12-05T21:00:00Z,2017-11-18T18:00:00Z,2017-10-17T17:00:00Z,2017-09-22T09:00:00Z,2017-09-24T10:00:00Z,2017-08-30T00:00:00Z,2017-08-22T19:00:00Z",FALSE,Transcend,"Computers,Hard Drives,Internal Drives,Solid State Drives,Computers & Accessories,Computer Accessories & Peripherals,Electronics,Hard Drives & Storage,Drives Storage,Solid State Drives (SSDs),Internal Solid State Drives,Computers & Tablets,Data Storage Products,Data Storage",TRANSCEND Storage,Transcend - JetDrive 420 480GB Internal Serial ATA III Solid State Drive for Select Apple® Computers,Electronics
AVpiSS1A1cnluZ0-LyAY,350,350,In Stock,New,USD,"2018-05-03T18:00:00Z,2018-05-07T19:00:00Z,2018-05-06T17:00:00Z",FALSE,Transcend,"Computers,Hard Drives,Internal Drives,Solid State Drives,Computers & Accessories,Computer Accessories & Peripherals,Electronics,Hard Drives & Storage,Drives Storage,Solid State Drives (SSDs),Internal Solid State Drives,Computers & Tablets,Data Storage Products,Data Storage",TRANSCEND Storage,Transcend - JetDrive 420 480GB Internal Serial ATA III Solid State Drive for Select Apple® Computers,Electronics
AVpgnnzJilAPnD_xu_7Q,23,23,Yes,New,USD,"2017-03-21T16:00:00Z,2017-03-05T15:00:00Z",FALSE,Samsung,"Accessories,Portable Power Banks,Portable Chargers/Power Packs,Cell Phones & Accessories,Cell Phones,Portable Battery Packs,Cell Phone Accessories,Cell Phone Batteries & Power,Batteries & Battery Packs,cell,Power,Chargers & Cradles",SAMSUNG,Samsung Universal 3100mAh Portable External Battery Charger - White,Electronics
AVpgnnzJilAPnD_xu_7Q,15,15,yes,New,USD,2017-08-28T12:00:00Z,FALSE,Samsung,"Accessories,Portable Power Banks,Portable Chargers/Power Packs,Cell Phones & Accessories,Cell Phones,Portable Battery Packs,Cell Phone Accessories,Cell Phone Batteries & Power,Batteries & Battery Packs,cell,Power,Chargers & Cradles",SAMSUNG,Samsung Universal 3100mAh Portable External Battery Charger - White,Electronics
AVpgnnzJilAPnD_xu_7Q,18,18,Yes,New,USD,"2017-04-26T10:00:00Z,2017-03-31T09:00:00Z",FALSE,Samsung,"Accessories,Portable Power Banks,Portable Chargers/Power Packs,Cell Phones & Accessories,Cell Phones,Portable Battery Packs,Cell Phone Accessories,Cell Phone Batteries & Power,Batteries & Battery Packs,cell,Power,Chargers & Cradles",SAMSUNG,Samsung Universal 3100mAh Portable External Battery Charger - White,Electronics
AVpfyGvu1cnluZ0-rMw9,49,49,In Stock,New,USD,"2018-01-13T03:00:00Z,2017-12-07T23:00:00Z,2017-12-07T19:00:00Z,2017-12-05T11:00:00Z,2017-11-18T09:00:00Z,2017-08-22T12:00:00Z,2017-08-29T15:00:00Z,2017-08-19T08:00:00Z",FALSE,MEE audio,"Headphones,Bluetooth Headphones,Bluetooth Headsets,Accessories,Wireless Headphones,Electronics,Cell Phones & Accessories,Audio,Mobile",,Air-Fi Runaway AF32 Stereo Bluetooth Wireless Headphones with Hidden Microphone (Black and Red),Electronics
AVpfyGvu1cnluZ0-rMw9,35,35,In Stock,New,USD,2018-04-26T16:00:00Z,TRUE,MEE audio,"Headphones,Bluetooth Headphones,Bluetooth Headsets,Accessories,Wireless Headphones,Electronics,Cell Phones & Accessories,Audio,Mobile",,Air-Fi Runaway AF32 Stereo Bluetooth Wireless Headphones with Hidden Microphone (Black and Red),Electronics
AVpfyGvu1cnluZ0-rMw9,63,63,Yes,New,USD,2014-09-28T20:00:00Z,FALSE,MEE audio,"Headphones,Bluetooth Headphones,Bluetooth Headsets,Accessories,Wireless Headphones,Electronics,Cell Phones & Accessories,Audio,Mobile",,Air-Fi Runaway AF32 Stereo Bluetooth Wireless Headphones with Hidden Microphone (Black and Red),Electronics
AVpfyGvu1cnluZ0-rMw9,45,45,Yes,New,USD,"2017-08-01T00:00:00Z,2017-08-01T17:00:00Z,2017-07-26T21:00:00Z",FALSE,MEE audio,"Headphones,Bluetooth Headphones,Bluetooth Headsets,Accessories,Wireless Headphones,Electronics,Cell Phones & Accessories,Audio,Mobile",,Air-Fi Runaway AF32 Stereo Bluetooth Wireless Headphones with Hidden Microphone (Black and Red),Electronics
AVpfyGvu1cnluZ0-rMw9,81,81,In Stock,New,USD,2017-12-06T12:00:00Z,FALSE,MEE audio,"Headphones,Bluetooth Headphones,Bluetooth Headsets,Accessories,Wireless Headphones,Electronics,Cell Phones & Accessories,Audio,Mobile",,Air-Fi Runaway AF32 Stereo Bluetooth Wireless Headphones with Hidden Microphone (Black and Red),Electronics
AVpfyGvu1cnluZ0-rMw9,50,50,In Stock,New,USD,2018-04-26T16:00:00Z,FALSE,MEE audio,"Headphones,Bluetooth Headphones,Bluetooth Headsets,Accessories,Wireless Headphones,Electronics,Cell Phones & Accessories,Audio,Mobile",,Air-Fi Runaway AF32 Stereo Bluetooth Wireless Headphones with Hidden Microphone (Black and Red),Electronics
AVpfyGvu1cnluZ0-rMw9,30,30,Yes,New,USD,"2017-06-01T15:00:00Z,2017-06-01T18:00:00Z,2017-05-01T09:00:00Z,2017-05-09T14:00:00Z,2017-05-18T07:00:00Z,2017-03-30T09:00:00Z,2017-03-15T17:00:00Z,2017-03-10T22:00:00Z,2017-03-04T10:00:00Z",FALSE,MEE audio,"Headphones,Bluetooth Headphones,Bluetooth Headsets,Accessories,Wireless Headphones,Electronics,Cell Phones & Accessories,Audio,Mobile",,Air-Fi Runaway AF32 Stereo Bluetooth Wireless Headphones with Hidden Microphone (Black and Red),Electronics
AVpfyGvu1cnluZ0-rMw9,60,60,In Stock,New,USD,2018-06-01T15:00:00Z,FALSE,MEE audio,"Headphones,Bluetooth Headphones,Bluetooth Headsets,Accessories,Wireless Headphones,Electronics,Cell Phones & Accessories,Audio,Mobile",,Air-Fi Runaway AF32 Stereo Bluetooth Wireless Headphones with Hidden Microphone (Black and Red),Electronics
AVpjFAGc1cnluZ0-TWv2,450,450,Yes,New,USD,"2017-10-10T20:00:00Z,2017-09-18T13:00:00Z,2017-08-30T07:00:00Z,2017-08-12T10:00:00Z,2017-08-01T00:00:00Z,2017-08-01T17:00:00Z,2017-07-26T21:00:00Z,2017-06-01T17:00:00Z,2017-06-01T19:00:00Z,2017-05-01T14:00:00Z,2017-05-09T15:00:00Z,2017-05-18T08:00:00Z,2017-03-30T09:00:00Z,2017-03-15T17:00:00Z,2017-03-10T22:00:00Z,2017-03-04T03:00:00Z,2017-03-03T15:00:00Z",FALSE,SpeakerCraft,"In-Wall & In-Ceiling Speakers,In-Ceiling Speakers,Home Audio,Speakers,Audio",,"SpeakerCraft - 6-1/2 In-Ceiling Speakers (5-Pack) - White""",Electronics
AVpjFAGc1cnluZ0-TWv2,450,450,TRUE,new,USD,2018-05-27T01:00:00Z,FALSE,SpeakerCraft,"In-Wall & In-Ceiling Speakers,In-Ceiling Speakers,Home Audio,Speakers,Audio",,"SpeakerCraft - 6-1/2 In-Ceiling Speakers (5-Pack) - White""",Electronics
AVpe8ZRY1cnluZ0-aY4H,22,22,Yes,New,USD,"2017-10-10T21:00:00Z,2017-09-06T17:00:00Z,2017-09-13T07:00:00Z,2017-07-31T22:00:00Z,2017-08-01T07:00:00Z,2017-07-26T20:00:00Z,2015-11-25T00:00:00Z",FALSE,Peerless,"Office,Projectors & Presentation Equipment,Audio Visual Presentation,TV Stands, Mounts & Furniture,Projector Mounts Accessories,Projector Mounts & Screens,Projector Mounts,Electronics,TV & Home Theater,Office Technology,Mounts Carts,Mounting Plates,A/V Presentation,Projectors & Screens,Networking Products,Powerline Network Adapters,Network Adapters",Peerless,Peerless - Round Ceiling Plate for Most Peerless-AV Projector Mounts - Black,Electronics
AVpe8ZRY1cnluZ0-aY4H,32,32,In Stock,New,USD,2017-07-29T00:00:00Z,FALSE,Peerless,"Office,Projectors & Presentation Equipment,Audio Visual Presentation,TV Stands, Mounts & Furniture,Projector Mounts Accessories,Projector Mounts & Screens,Projector Mounts,Electronics,TV & Home Theater,Office Technology,Mounts Carts,Mounting Plates,A/V Presentation,Projectors & Screens,Networking Products,Powerline Network Adapters,Network Adapters",Peerless,Peerless - Round Ceiling Plate for Most Peerless-AV Projector Mounts - Black,Electronics
AVpe8ZRY1cnluZ0-aY4H,22,22,undefined,new,USD,2018-06-22T07:00:00Z,FALSE,Peerless,"Office,Projectors & Presentation Equipment,Audio Visual Presentation,TV Stands, Mounts & Furniture,Projector Mounts Accessories,Projector Mounts & Screens,Projector Mounts,Electronics,TV & Home Theater,Office Technology,Mounts Carts,Mounting Plates,A/V Presentation,Projectors & Screens,Networking Products,Powerline Network Adapters,Network Adapters",Peerless,Peerless - Round Ceiling Plate for Most Peerless-AV Projector Mounts - Black,Electronics
AVpe8ZRY1cnluZ0-aY4H,18,18,In Stock,New,USD,"2018-06-01T15:00:00Z,2017-09-22T07:00:00Z,2017-12-06T21:00:00Z,2017-12-04T21:00:00Z,2015-08-14T00:00:00Z,2017-08-22T04:00:00Z,2017-12-06T22:00:00Z,2017-11-18T07:00:00Z,2017-09-24T02:00:00Z,2017-08-29T13:00:00Z,2017-08-19T02:00:00Z",FALSE,Peerless,"Office,Projectors & Presentation Equipment,Audio Visual Presentation,TV Stands, Mounts & Furniture,Projector Mounts Accessories,Projector Mounts & Screens,Projector Mounts,Electronics,TV & Home Theater,Office Technology,Mounts Carts,Mounting Plates,A/V Presentation,Projectors & Screens,Networking Products,Powerline Network Adapters,Network Adapters",Peerless,Peerless - Round Ceiling Plate for Most Peerless-AV Projector Mounts - Black,Electronics
AVpfLsb-ilAPnD_xWtDE,47,47,In Stock,New,USD,2018-03-02T17:00:00Z,FALSE,Kenwood,"Marine Audio,6.5\\ Car Speakers,Electronics,Car Electronics,Speakers,Fishing,Car Audio,Powersports Audio,Automotive,Consumer Electronics,Auto & Tires,All Car Speakers & Subwoofers,Coaxial Speakers,Car & Vehicle Electronics,Auto Electronics,Car Speakers and Subwoofers,Outdoor Sports,Marine & Powersports,Marine Electronics,Marine Speakers,Vehicle Electronics & GPS,Car Electronics & GPS",Kenwood,"Kenwood KFC-1653MRW 6.5 2-way Marine Speakers Pair (White)""",Electronics
AVpfLsb-ilAPnD_xWtDE,55,48,In Stock,New,USD,2017-12-06T03:00:00Z,TRUE,Kenwood,"Marine Audio,6.5\\ Car Speakers,Electronics,Car Electronics,Speakers,Fishing,Car Audio,Powersports Audio,Automotive,Consumer Electronics,Auto & Tires,All Car Speakers & Subwoofers,Coaxial Speakers,Car & Vehicle Electronics,Auto Electronics,Car Speakers and Subwoofers,Outdoor Sports,Marine & Powersports,Marine Electronics,Marine Speakers,Vehicle Electronics & GPS,Car Electronics & GPS",Kenwood,"Kenwood KFC-1653MRW 6.5 2-way Marine Speakers Pair (White)""",Electronics
AVpfLsb-ilAPnD_xWtDE,53,53,In Stock,New,USD,2017-10-21T09:00:00Z,FALSE,Kenwood,"Marine Audio,6.5\\ Car Speakers,Electronics,Car Electronics,Speakers,Fishing,Car Audio,Powersports Audio,Automotive,Consumer Electronics,Auto & Tires,All Car Speakers & Subwoofers,Coaxial Speakers,Car & Vehicle Electronics,Auto Electronics,Car Speakers and Subwoofers,Outdoor Sports,Marine & Powersports,Marine Electronics,Marine Speakers,Vehicle Electronics & GPS,Car Electronics & GPS",Kenwood,"Kenwood KFC-1653MRW 6.5 2-way Marine Speakers Pair (White)""",Electronics
AVpfLsb-ilAPnD_xWtDE,56,48,In Stock,New,USD,2017-09-17T07:00:00Z,TRUE,Kenwood,"Marine Audio,6.5\\ Car Speakers,Electronics,Car Electronics,Speakers,Fishing,Car Audio,Powersports Audio,Automotive,Consumer Electronics,Auto & Tires,All Car Speakers & Subwoofers,Coaxial Speakers,Car & Vehicle Electronics,Auto Electronics,Car Speakers and Subwoofers,Outdoor Sports,Marine & Powersports,Marine Electronics,Marine Speakers,Vehicle Electronics & GPS,Car Electronics & GPS",Kenwood,"Kenwood KFC-1653MRW 6.5 2-way Marine Speakers Pair (White)""",Electronics
AVpfLsb-ilAPnD_xWtDE,55,55,yes,New,USD,2017-10-11T11:00:00Z,FALSE,Kenwood,"Marine Audio,6.5\\ Car Speakers,Electronics,Car Electronics,Speakers,Fishing,Car Audio,Powersports Audio,Automotive,Consumer Electronics,Auto & Tires,All Car Speakers & Subwoofers,Coaxial Speakers,Car & Vehicle Electronics,Auto Electronics,Car Speakers and Subwoofers,Outdoor Sports,Marine & Powersports,Marine Electronics,Marine Speakers,Vehicle Electronics & GPS,Car Electronics & GPS",Kenwood,"Kenwood KFC-1653MRW 6.5 2-way Marine Speakers Pair (White)""",Electronics
AVpfLsb-ilAPnD_xWtDE,220,58,In Stock,New,USD,2017-08-15T10:00:00Z,TRUE,Kenwood,"Marine Audio,6.5\\ Car Speakers,Electronics,Car Electronics,Speakers,Fishing,Car Audio,Powersports Audio,Automotive,Consumer Electronics,Auto & Tires,All Car Speakers & Subwoofers,Coaxial Speakers,Car & Vehicle Electronics,Auto Electronics,Car Speakers and Subwoofers,Outdoor Sports,Marine & Powersports,Marine Electronics,Marine Speakers,Vehicle Electronics & GPS,Car Electronics & GPS",Kenwood,"Kenwood KFC-1653MRW 6.5 2-way Marine Speakers Pair (White)""",Electronics
AVpfLsb-ilAPnD_xWtDE,70,70,Yes,New,USD,2017-04-04T09:00:00Z,TRUE,Kenwood,"Marine Audio,6.5\\ Car Speakers,Electronics,Car Electronics,Speakers,Fishing,Car Audio,Powersports Audio,Automotive,Consumer Electronics,Auto & Tires,All Car Speakers & Subwoofers,Coaxial Speakers,Car & Vehicle Electronics,Auto Electronics,Car Speakers and Subwoofers,Outdoor Sports,Marine & Powersports,Marine Electronics,Marine Speakers,Vehicle Electronics & GPS,Car Electronics & GPS",Kenwood,"Kenwood KFC-1653MRW 6.5 2-way Marine Speakers Pair (White)""",Electronics
AVpfLsb-ilAPnD_xWtDE,57,57,Out Of Stock,New,USD,2017-07-22T19:00:00Z,FALSE,Kenwood,"Marine Audio,6.5\\ Car Speakers,Electronics,Car Electronics,Speakers,Fishing,Car Audio,Powersports Audio,Automotive,Consumer Electronics,Auto & Tires,All Car Speakers & Subwoofers,Coaxial Speakers,Car & Vehicle Electronics,Auto Electronics,Car Speakers and Subwoofers,Outdoor Sports,Marine & Powersports,Marine Electronics,Marine Speakers,Vehicle Electronics & GPS,Car Electronics & GPS",Kenwood,"Kenwood KFC-1653MRW 6.5 2-way Marine Speakers Pair (White)""",Electronics
AVpfLsb-ilAPnD_xWtDE,55,55,yes,New,USD,"2017-08-22T19:00:00Z,2017-08-24T19:00:00Z,2017-08-28T14:00:00Z",FALSE,Kenwood,"Marine Audio,6.5\\ Car Speakers,Electronics,Car Electronics,Speakers,Fishing,Car Audio,Powersports Audio,Automotive,Consumer Electronics,Auto & Tires,All Car Speakers & Subwoofers,Coaxial Speakers,Car & Vehicle Electronics,Auto Electronics,Car Speakers and Subwoofers,Outdoor Sports,Marine & Powersports,Marine Electronics,Marine Speakers,Vehicle Electronics & GPS,Car Electronics & GPS",Kenwood,"Kenwood KFC-1653MRW 6.5 2-way Marine Speakers Pair (White)""",Electronics
AVpfLsb-ilAPnD_xWtDE,90,90,Yes,New,USD,"2017-10-10T06:00:00Z,2017-08-28T08:00:00Z,2017-08-12T10:00:00Z,2017-08-01T05:00:00Z,2017-06-01T18:00:00Z,2017-05-09T11:00:00Z,2017-05-01T06:00:00Z,2017-05-18T04:00:00Z,2017-04-04T09:00:00Z,2017-03-15T17:00:00Z,2017-03-10T16:00:00Z,2017-03-04T04:00:00Z,2017-03-03T15:00:00Z",TRUE,Kenwood,"Marine Audio,6.5\\ Car Speakers,Electronics,Car Electronics,Speakers,Fishing,Car Audio,Powersports Audio,Automotive,Consumer Electronics,Auto & Tires,All Car Speakers & Subwoofers,Coaxial Speakers,Car & Vehicle Electronics,Auto Electronics,Car Speakers and Subwoofers,Outdoor Sports,Marine & Powersports,Marine Electronics,Marine Speakers,Vehicle Electronics & GPS,Car Electronics & GPS",Kenwood,"Kenwood KFC-1653MRW 6.5 2-way Marine Speakers Pair (White)""",Electronics
AVpfLsb-ilAPnD_xWtDE,78,78,Yes,New,USD,2017-03-30T05:00:00Z,TRUE,Kenwood,"Marine Audio,6.5\\ Car Speakers,Electronics,Car Electronics,Speakers,Fishing,Car Audio,Powersports Audio,Automotive,Consumer Electronics,Auto & Tires,All Car Speakers & Subwoofers,Coaxial Speakers,Car & Vehicle Electronics,Auto Electronics,Car Speakers and Subwoofers,Outdoor Sports,Marine & Powersports,Marine Electronics,Marine Speakers,Vehicle Electronics & GPS,Car Electronics & GPS",Kenwood,"Kenwood KFC-1653MRW 6.5 2-way Marine Speakers Pair (White)""",Electronics
AVpfLsb-ilAPnD_xWtDE,54,54,yes,New,USD,2017-10-11T11:00:00Z,FALSE,Kenwood,"Marine Audio,6.5\\ Car Speakers,Electronics,Car Electronics,Speakers,Fishing,Car Audio,Powersports Audio,Automotive,Consumer Electronics,Auto & Tires,All Car Speakers & Subwoofers,Coaxial Speakers,Car & Vehicle Electronics,Auto Electronics,Car Speakers and Subwoofers,Outdoor Sports,Marine & Powersports,Marine Electronics,Marine Speakers,Vehicle Electronics & GPS,Car Electronics & GPS",Kenwood,"Kenwood KFC-1653MRW 6.5 2-way Marine Speakers Pair (White)""",Electronics
AVpfLsb-ilAPnD_xWtDE,220,53,In Stock,New,USD,2017-10-28T19:00:00Z,TRUE,Kenwood,"Marine Audio,6.5\\ Car Speakers,Electronics,Car Electronics,Speakers,Fishing,Car Audio,Powersports Audio,Automotive,Consumer Electronics,Auto & Tires,All Car Speakers & Subwoofers,Coaxial Speakers,Car & Vehicle Electronics,Auto Electronics,Car Speakers and Subwoofers,Outdoor Sports,Marine & Powersports,Marine Electronics,Marine Speakers,Vehicle Electronics & GPS,Car Electronics & GPS",Kenwood,"Kenwood KFC-1653MRW 6.5 2-way Marine Speakers Pair (White)""",Electronics
AVpfLsb-ilAPnD_xWtDE,100,100,Yes,New,USD,"2017-10-10T06:00:00Z,2017-08-28T08:00:00Z,2017-08-12T10:00:00Z,2017-08-01T05:00:00Z,2017-06-01T18:00:00Z,2017-05-09T11:00:00Z,2017-05-01T06:00:00Z,2017-05-18T04:00:00Z,2017-03-30T05:00:00Z,2017-03-15T17:00:00Z,2017-03-10T16:00:00Z,2017-03-04T04:00:00Z,2017-03-03T15:00:00Z",FALSE,Kenwood,"Marine Audio,6.5\\ Car Speakers,Electronics,Car Electronics,Speakers,Fishing,Car Audio,Powersports Audio,Automotive,Consumer Electronics,Auto & Tires,All Car Speakers & Subwoofers,Coaxial Speakers,Car & Vehicle Electronics,Auto Electronics,Car Speakers and Subwoofers,Outdoor Sports,Marine & Powersports,Marine Electronics,Marine Speakers,Vehicle Electronics & GPS,Car Electronics & GPS",Kenwood,"Kenwood KFC-1653MRW 6.5 2-way Marine Speakers Pair (White)""",Electronics
AVpe8D1nLJeJML43yvxK,140,140,yes,Used,USD,"2017-09-07T10:00:00Z,2017-08-29T11:00:00Z",FALSE,Panamax,"Computer Accessories & Peripherals,Electronics,TV & Home Theater,Surge Protectors,Surge Protectors, Power Strips,Consumer Electronics,PDUs,A/V Surge Protectors & Power,Computers & Tablets,Multipurpose Batteries & Power,Accessories & Supplies,Electrical,TV & Home Theater Accessories,Surge Protectors & Power,Batteries, Chargers & Accessories",,Panamax - 11-Outlet Surge Protector - Black,Electronics
AVpe8D1nLJeJML43yvxK,354,354,TRUE,new,USD,2018-05-26T07:00:00Z,FALSE,Panamax,"Computer Accessories & Peripherals,Electronics,TV & Home Theater,Surge Protectors,Surge Protectors, Power Strips,Consumer Electronics,PDUs,A/V Surge Protectors & Power,Computers & Tablets,Multipurpose Batteries & Power,Accessories & Supplies,Electrical,TV & Home Theater Accessories,Surge Protectors & Power,Batteries, Chargers & Accessories",,Panamax - 11-Outlet Surge Protector - Black,Electronics
AVpf3txeLJeJML43FN82,159,159,In Stock,New,USD,2018-01-21T04:00:00Z,FALSE,Microsoft,"Electronics,Computers,Computer Accessories,Keyboards, Mice & Joysticks,Keyboards,All Keyboards,Computers & Accessories,Computer Accessories & Peripherals,Keyboards, Mice & Accessories,Computers & Tablets,iPad & Tablet Accessories,Tablet Cases, Covers & Keyboard Folios,Computer Peripherals,Keyboards Accessories,Computers Features,Cases, Covers & Keyboard Folios,Name Brands,Microsoft,Microsoft Surface,Microsoft Surface Accessories,Microsoft Surface Cases & Covers,Microsoft Surface Tablets,Frys,Tablets,Cases",Microsoft,Microsoft Surface Pro 4 Type Cover with Fingerprint ID,Electronics
AVpf3txeLJeJML43FN82,160,160,Yes,New,USD,"2017-10-10T11:00:00Z,2017-09-12T03:00:00Z,2017-09-06T19:00:00Z,2017-08-30T08:00:00Z,2017-09-18T07:00:00Z,2017-08-23T02:00:00Z,2017-07-31T23:00:00Z,2017-08-01T07:00:00Z,2017-07-26T21:00:00Z,2017-06-01T18:00:00Z,2017-06-01T19:00:00Z,2017-05-09T11:00:00Z,2017-05-01T17:00:00Z,2017-03-30T10:00:00Z,2017-03-15T14:00:00Z,2017-03-10T22:00:00Z,2017-03-04T10:00:00Z,2015-11-30T00:00:00Z",FALSE,Microsoft,"Electronics,Computers,Computer Accessories,Keyboards, Mice & Joysticks,Keyboards,All Keyboards,Computers & Accessories,Computer Accessories & Peripherals,Keyboards, Mice & Accessories,Computers & Tablets,iPad & Tablet Accessories,Tablet Cases, Covers & Keyboard Folios,Computer Peripherals,Keyboards Accessories,Computers Features,Cases, Covers & Keyboard Folios,Name Brands,Microsoft,Microsoft Surface,Microsoft Surface Accessories,Microsoft Surface Cases & Covers,Microsoft Surface Tablets,Frys,Tablets,Cases",Microsoft,Microsoft Surface Pro 4 Type Cover with Fingerprint ID,Electronics
AVpf3txeLJeJML43FN82,138,138,Yes,New,USD,"2017-09-12T03:00:00Z,2017-09-06T19:00:00Z,2017-08-30T08:00:00Z,2017-08-23T02:00:00Z,2017-07-31T23:00:00Z,2017-08-01T07:00:00Z,2017-07-26T21:00:00Z,2017-07-10T17:00:00Z,2017-07-07T15:00:00Z,2017-05-09T11:00:00Z,2017-03-15T14:00:00Z,2017-03-10T22:00:00Z,2017-03-04T10:00:00Z,2015-11-30T00:00:00Z",TRUE,Microsoft,"Electronics,Computers,Computer Accessories,Keyboards, Mice & Joysticks,Keyboards,All Keyboards,Computers & Accessories,Computer Accessories & Peripherals,Keyboards, Mice & Accessories,Computers & Tablets,iPad & Tablet Accessories,Tablet Cases, Covers & Keyboard Folios,Computer Peripherals,Keyboards Accessories,Computers Features,Cases, Covers & Keyboard Folios,Name Brands,Microsoft,Microsoft Surface,Microsoft Surface Accessories,Microsoft Surface Cases & Covers,Microsoft Surface Tablets,Frys,Tablets,Cases",Microsoft,Microsoft Surface Pro 4 Type Cover with Fingerprint ID,Electronics
AVpf3txeLJeJML43FN82,160,160,In Stock,New,USD,"2017-09-17T09:00:00Z,2017-08-14T15:00:00Z,2017-07-18T06:00:00Z,2017-07-29T01:00:00Z,2017-07-21T17:00:00Z,2017-07-21T14:00:00Z,2017-07-12T16:00:00Z,2017-07-16T20:00:00Z,2017-07-10T18:00:00Z,2017-07-08T21:00:00Z,2017-07-14T14:00:00Z,2017-07-11T09:00:00Z,2017-07-07T18:00:00Z,2017-07-10T04:00:00Z,2017-06-25T03:00:00Z,2017-07-02T06:00:00Z,2017-07-03T14:00:00Z,2017-07-04T18:00:00Z,2017-07-05T18:00:00Z,2017-07-06T23:00:00Z,2017-06-26T23:00:00Z,2017-06-26T02:00:00Z,2017-06-22T20:00:00Z,2017-06-29T08:00:00Z,2017-06-27T19:00:00Z",FALSE,Microsoft,"Electronics,Computers,Computer Accessories,Keyboards, Mice & Joysticks,Keyboards,All Keyboards,Computers & Accessories,Computer Accessories & Peripherals,Keyboards, Mice & Accessories,Computers & Tablets,iPad & Tablet Accessories,Tablet Cases, Covers & Keyboard Folios,Computer Peripherals,Keyboards Accessories,Computers Features,Cases, Covers & Keyboard Folios,Name Brands,Microsoft,Microsoft Surface,Microsoft Surface Accessories,Microsoft Surface Cases & Covers,Microsoft Surface Tablets,Frys,Tablets,Cases",Microsoft,Microsoft Surface Pro 4 Type Cover with Fingerprint ID,Electronics
AVpf3txeLJeJML43FN82,160,160,In Stock,New,USD,2017-08-19T02:00:00Z,FALSE,Microsoft,"Electronics,Computers,Computer Accessories,Keyboards, Mice & Joysticks,Keyboards,All Keyboards,Computers & Accessories,Computer Accessories & Peripherals,Keyboards, Mice & Accessories,Computers & Tablets,iPad & Tablet Accessories,Tablet Cases, Covers & Keyboard Folios,Computer Peripherals,Keyboards Accessories,Computers Features,Cases, Covers & Keyboard Folios,Name Brands,Microsoft,Microsoft Surface,Microsoft Surface Accessories,Microsoft Surface Cases & Covers,Microsoft Surface Tablets,Frys,Tablets,Cases",Microsoft,Microsoft Surface Pro 4 Type Cover with Fingerprint ID,Electronics
AVpf3txeLJeJML43FN82,124,124,In Stock,New,USD,2017-05-31T19:00:00Z,FALSE,Microsoft,"Electronics,Computers,Computer Accessories,Keyboards, Mice & Joysticks,Keyboards,All Keyboards,Computers & Accessories,Computer Accessories & Peripherals,Keyboards, Mice & Accessories,Computers & Tablets,iPad & Tablet Accessories,Tablet Cases, Covers & Keyboard Folios,Computer Peripherals,Keyboards Accessories,Computers Features,Cases, Covers & Keyboard Folios,Name Brands,Microsoft,Microsoft Surface,Microsoft Surface Accessories,Microsoft Surface Cases & Covers,Microsoft Surface Tablets,Frys,Tablets,Cases",Microsoft,Microsoft Surface Pro 4 Type Cover with Fingerprint ID,Electronics
AVpf3txeLJeJML43FN82,160,125,In Stock,New,USD,"2017-03-29T15:00:00Z,2017-03-31T09:00:00Z,2017-03-28T03:00:00Z,2017-03-22T16:00:00Z,2017-03-24T15:00:00Z,2017-03-26T12:00:00Z",TRUE,Microsoft,"Electronics,Computers,Computer Accessories,Keyboards, Mice & Joysticks,Keyboards,All Keyboards,Computers & Accessories,Computer Accessories & Peripherals,Keyboards, Mice & Accessories,Computers & Tablets,iPad & Tablet Accessories,Tablet Cases, Covers & Keyboard Folios,Computer Peripherals,Keyboards Accessories,Computers Features,Cases, Covers & Keyboard Folios,Name Brands,Microsoft,Microsoft Surface,Microsoft Surface Accessories,Microsoft Surface Cases & Covers,Microsoft Surface Tablets,Frys,Tablets,Cases",Microsoft,Microsoft Surface Pro 4 Type Cover with Fingerprint ID,Electronics
AVpf3txeLJeJML43FN82,122,122,Yes,New,USD,2017-03-30T10:00:00Z,TRUE,Microsoft,"Electronics,Computers,Computer Accessories,Keyboards, Mice & Joysticks,Keyboards,All Keyboards,Computers & Accessories,Computer Accessories & Peripherals,Keyboards, Mice & Accessories,Computers & Tablets,iPad & Tablet Accessories,Tablet Cases, Covers & Keyboard Folios,Computer Peripherals,Keyboards Accessories,Computers Features,Cases, Covers & Keyboard Folios,Name Brands,Microsoft,Microsoft Surface,Microsoft Surface Accessories,Microsoft Surface Cases & Covers,Microsoft Surface Tablets,Frys,Tablets,Cases",Microsoft,Microsoft Surface Pro 4 Type Cover with Fingerprint ID,Electronics
AWIm0C3TYSSHbkXwx3S6,300,300,TRUE,new,USD,2018-04-24T15:00:00Z,FALSE,Ultimate Ears,"Portable Bluetooth Speakers,Bluetooth & Wireless Speakers,Portable Audio & Video,Electronics,Portable Speakers & Docks,Audio,All Bluetooth & Wireless Speakers",,Ultimate Ears MEGABLAST Portable Wi-Fi/Bluetooth Speaker with hands-free Amazon Alexa voice control (waterproof) - Graphite Black,Electronics
AWIm0C3TYSSHbkXwx3S6,209,209,TRUE,new,USD,2018-04-24T15:00:00Z,TRUE,Ultimate Ears,"Portable Bluetooth Speakers,Bluetooth & Wireless Speakers,Portable Audio & Video,Electronics,Portable Speakers & Docks,Audio,All Bluetooth & Wireless Speakers",,Ultimate Ears MEGABLAST Portable Wi-Fi/Bluetooth Speaker with hands-free Amazon Alexa voice control (waterproof) - Graphite Black,Electronics
AVpfBGsK1cnluZ0-cEkm,180,180,Yes,New,USD,2017-09-28T17:00:00Z,FALSE,Niles,"Audio & Video Accessories,Speaker Accessories,Auto Electronics,Selector Switch Boxes,Speaker Selector Switches,Home Improvement,Distribution,Electronics,Accessories & Supplies,Audio,In-Dash Stereos,Home Audio Accessories",,Niles - SS-4 4-Pair Speaker Selector - Black,Electronics
AVpfBGsK1cnluZ0-cEkm,180,180,undefined,new,USD,2018-05-27T03:00:00Z,FALSE,Niles,"Audio & Video Accessories,Speaker Accessories,Auto Electronics,Selector Switch Boxes,Speaker Selector Switches,Home Improvement,Distribution,Electronics,Accessories & Supplies,Audio,In-Dash Stereos,Home Audio Accessories",,Niles - SS-4 4-Pair Speaker Selector - Black,Electronics
AVpfJZfu1cnluZ0-e6h0,230,230,Yes,New,USD,"2017-10-10T20:00:00Z,2017-08-30T07:00:00Z,2017-09-18T13:00:00Z,2017-08-01T00:00:00Z,2017-08-01T17:00:00Z,2017-07-26T21:00:00Z,2017-06-01T17:00:00Z,2017-06-01T19:00:00Z,2017-05-09T15:00:00Z,2017-05-18T08:00:00Z",FALSE,SpeakerCraft,"In-Wall & In-Ceiling Speakers,Electronics,In-Ceiling Speakers,Home Audio,Speakers,Ceiling & In-Wall Speakers,Audio",,"SpeakerCraft - Profile CRS6 Two 6-1/2 In-Ceiling Speaker (Each) - Black""",Electronics
AVpfJZfu1cnluZ0-e6h0,230,230,TRUE,new,USD,2018-05-27T01:00:00Z,FALSE,SpeakerCraft,"In-Wall & In-Ceiling Speakers,Electronics,In-Ceiling Speakers,Home Audio,Speakers,Ceiling & In-Wall Speakers,Audio",,"SpeakerCraft - Profile CRS6 Two 6-1/2 In-Ceiling Speaker (Each) - Black""",Electronics
AV0A-lHuvKc47QAVflgj,220,220,undefined,new,USD,2018-05-26T16:00:00Z,FALSE,Corsair,"Computers & Accessories,Computer Components,Memory,Electronics,Computers & Tablets,Computer Cards & Components",,CORSAIR VENGEANCE RGB 16GB (2x8GB) DDR4 3200MHz C16 Desktop Memory - Black,Electronics
AV0A-lHuvKc47QAVflgj,210,210,undefined,new,USD,2018-05-26T16:00:00Z,TRUE,Corsair,"Computers & Accessories,Computer Components,Memory,Electronics,Computers & Tablets,Computer Cards & Components",,CORSAIR VENGEANCE RGB 16GB (2x8GB) DDR4 3200MHz C16 Desktop Memory - Black,Electronics
AV0A-lHuvKc47QAVflgj,180,180,Yes,New,USD,"2017-10-10T13:00:00Z,2017-09-12T06:00:00Z,2017-09-06T20:00:00Z,2017-09-18T08:00:00Z,2017-08-30T09:00:00Z",FALSE,Corsair,"Computers & Accessories,Computer Components,Memory,Electronics,Computers & Tablets,Computer Cards & Components",,CORSAIR VENGEANCE RGB 16GB (2x8GB) DDR4 3200MHz C16 Desktop Memory - Black,Electronics
AV0A-lHuvKc47QAVflgj,175,175,Yes,New,USD,"2017-08-23T08:00:00Z,2017-07-31T23:00:00Z,2017-08-01T08:00:00Z,2017-07-26T21:00:00Z",FALSE,Corsair,"Computers & Accessories,Computer Components,Memory,Electronics,Computers & Tablets,Computer Cards & Components",,CORSAIR VENGEANCE RGB 16GB (2x8GB) DDR4 3200MHz C16 Desktop Memory - Black,Electronics
AVpgUFUC1cnluZ0-zve8,26,26,Yes,New,USD,2015-05-27T18:00:00Z,FALSE,DENAQ,"Computers,Computer Accessories,Computer Accessories & Peripherals,Laptop Accessories,Laptop Chargers & Adapters,Computers & Tablets,Electronics",Denaq,"DENAQ - AC Power Adapter and Charger for Select HP Omnibook, Pavilion and Presario Laptops - Black",Electronics
AVpgUFUC1cnluZ0-zve8,21,21,Yes,New,USD,"2017-10-10T13:00:00Z,2017-09-12T05:00:00Z,2017-09-06T20:00:00Z,2017-08-30T09:00:00Z,2017-09-18T08:00:00Z,2017-08-23T05:00:00Z,2017-07-31T23:00:00Z,2017-08-01T07:00:00Z,2017-07-26T21:00:00Z,2017-06-29T22:00:00Z,2017-06-01T18:00:00Z,2017-06-01T20:00:00Z,2017-05-09T11:00:00Z,2017-05-01T18:00:00Z,2017-03-30T10:00:00Z,2017-03-15T15:00:00Z,2017-03-10T23:00:00Z,2017-03-04T11:00:00Z,2015-07-08T05:00:00Z",FALSE,DENAQ,"Computers,Computer Accessories,Computer Accessories & Peripherals,Laptop Accessories,Laptop Chargers & Adapters,Computers & Tablets,Electronics",Denaq,"DENAQ - AC Power Adapter and Charger for Select HP Omnibook, Pavilion and Presario Laptops - Black",Electronics
AVpgUFUC1cnluZ0-zve8,39,39,TRUE,new,USD,2015-03-26T05:00:00Z,FALSE,DENAQ,"Computers,Computer Accessories,Computer Accessories & Peripherals,Laptop Accessories,Laptop Chargers & Adapters,Computers & Tablets,Electronics",Denaq,"DENAQ - AC Power Adapter and Charger for Select HP Omnibook, Pavilion and Presario Laptops - Black",Electronics
AVpgUFUC1cnluZ0-zve8,21,21,TRUE,new,USD,2018-05-26T16:00:00Z,FALSE,DENAQ,"Computers,Computer Accessories,Computer Accessories & Peripherals,Laptop Accessories,Laptop Chargers & Adapters,Computers & Tablets,Electronics",Denaq,"DENAQ - AC Power Adapter and Charger for Select HP Omnibook, Pavilion and Presario Laptops - Black",Electronics
AVpgUFUC1cnluZ0-zve8,21,21,Yes,New,USD,2015-05-27T18:00:00Z,TRUE,DENAQ,"Computers,Computer Accessories,Computer Accessories & Peripherals,Laptop Accessories,Laptop Chargers & Adapters,Computers & Tablets,Electronics",Denaq,"DENAQ - AC Power Adapter and Charger for Select HP Omnibook, Pavilion and Presario Laptops - Black",Electronics
AVpgUFUC1cnluZ0-zve8,30,30,TRUE,new,USD,2015-04-22T17:00:00Z,FALSE,DENAQ,"Computers,Computer Accessories,Computer Accessories & Peripherals,Laptop Accessories,Laptop Chargers & Adapters,Computers & Tablets,Electronics",Denaq,"DENAQ - AC Power Adapter and Charger for Select HP Omnibook, Pavilion and Presario Laptops - Black",Electronics
AVpfSgKO1cnluZ0-h5Jx,50,50,In Stock,New,USD,2018-03-05T06:00:00Z,FALSE,Peak Design,"Straps & Hand Grips,Camera & Photo Accessories,Camera Accessories,Cameras & Photo,Digital Camera Accessories,Electronics,Camera Straps,Cameras & Camcorders,Photography,Other Camera Accessories,Camera Straps Harnesses,Photography Bags Cases,Camera Bags, Cases & Straps",Peak Design,SlideLITE Camera Strap SLL-1 (Black),Electronics
AVpfSgKO1cnluZ0-h5Jx,50,50,In Stock,New,USD,"2017-09-24T02:00:00Z,2017-08-29T01:00:00Z,2017-08-22T02:00:00Z,2017-08-19T01:00:00Z",FALSE,Peak Design,"Straps & Hand Grips,Camera & Photo Accessories,Camera Accessories,Cameras & Photo,Digital Camera Accessories,Electronics,Camera Straps,Cameras & Camcorders,Photography,Other Camera Accessories,Camera Straps Harnesses,Photography Bags Cases,Camera Bags, Cases & Straps",Peak Design,SlideLITE Camera Strap SLL-1 (Black),Electronics
AVpfSgKO1cnluZ0-h5Jx,40,40,yes,Used,USD,"2017-08-24T16:00:00Z,2017-08-28T10:00:00Z",FALSE,Peak Design,"Straps & Hand Grips,Camera & Photo Accessories,Camera Accessories,Cameras & Photo,Digital Camera Accessories,Electronics,Camera Straps,Cameras & Camcorders,Photography,Other Camera Accessories,Camera Straps Harnesses,Photography Bags Cases,Camera Bags, Cases & Straps",Peak Design,SlideLITE Camera Strap SLL-1 (Black),Electronics
AVpfSgKO1cnluZ0-h5Jx,30,30,In Stock,New,USD,2018-06-01T07:00:00Z,TRUE,Peak Design,"Straps & Hand Grips,Camera & Photo Accessories,Camera Accessories,Cameras & Photo,Digital Camera Accessories,Electronics,Camera Straps,Cameras & Camcorders,Photography,Other Camera Accessories,Camera Straps Harnesses,Photography Bags Cases,Camera Bags, Cases & Straps",Peak Design,SlideLITE Camera Strap SLL-1 (Black),Electronics
AVpfSgKO1cnluZ0-h5Jx,50,50,yes,New,USD,"2017-08-24T16:00:00Z,2017-08-28T10:00:00Z,2017-08-22T18:00:00Z",FALSE,Peak Design,"Straps & Hand Grips,Camera & Photo Accessories,Camera Accessories,Cameras & Photo,Digital Camera Accessories,Electronics,Camera Straps,Cameras & Camcorders,Photography,Other Camera Accessories,Camera Straps Harnesses,Photography Bags Cases,Camera Bags, Cases & Straps",Peak Design,SlideLITE Camera Strap SLL-1 (Black),Electronics
AVpfSgKO1cnluZ0-h5Jx,40,40,Yes,New,USD,"2017-05-31T21:00:00Z,2017-06-01T12:00:00Z",TRUE,Peak Design,"Straps & Hand Grips,Camera & Photo Accessories,Camera Accessories,Cameras & Photo,Digital Camera Accessories,Electronics,Camera Straps,Cameras & Camcorders,Photography,Other Camera Accessories,Camera Straps Harnesses,Photography Bags Cases,Camera Bags, Cases & Straps",Peak Design,SlideLITE Camera Strap SLL-1 (Black),Electronics
AVpfSgKO1cnluZ0-h5Jx,42,42,In Stock,New,USD,2017-12-04T21:00:00Z,FALSE,Peak Design,"Straps & Hand Grips,Camera & Photo Accessories,Camera Accessories,Cameras & Photo,Digital Camera Accessories,Electronics,Camera Straps,Cameras & Camcorders,Photography,Other Camera Accessories,Camera Straps Harnesses,Photography Bags Cases,Camera Bags, Cases & Straps",Peak Design,SlideLITE Camera Strap SLL-1 (Black),Electronics
AVpfSgKO1cnluZ0-h5Jx,40,40,In Stock,New,USD,"2018-01-27T22:00:00Z,2018-05-04T11:00:00Z,2018-05-07T14:00:00Z,2018-03-20T21:00:00Z,2018-06-01T07:00:00Z",FALSE,Peak Design,"Straps & Hand Grips,Camera & Photo Accessories,Camera Accessories,Cameras & Photo,Digital Camera Accessories,Electronics,Camera Straps,Cameras & Camcorders,Photography,Other Camera Accessories,Camera Straps Harnesses,Photography Bags Cases,Camera Bags, Cases & Straps",Peak Design,SlideLITE Camera Strap SLL-1 (Black),Electronics
AVpfSgKO1cnluZ0-h5Jx,50,50,Yes,New,USD,"2017-10-10T08:00:00Z,2017-08-28T12:00:00Z,2017-08-12T13:00:00Z,2017-07-31T22:00:00Z,2017-08-01T06:00:00Z,2017-07-26T16:00:00Z,2017-05-31T21:00:00Z,2017-06-01T12:00:00Z,2017-05-09T12:00:00Z,2017-05-01T07:00:00Z,2017-05-18T05:00:00Z,2017-04-04T08:00:00Z,2017-03-30T05:00:00Z,2017-03-10T16:00:00Z,2017-03-04T10:00:00Z,2017-03-02T22:00:00Z",FALSE,Peak Design,"Straps & Hand Grips,Camera & Photo Accessories,Camera Accessories,Cameras & Photo,Digital Camera Accessories,Electronics,Camera Straps,Cameras & Camcorders,Photography,Other Camera Accessories,Camera Straps Harnesses,Photography Bags Cases,Camera Bags, Cases & Straps",Peak Design,SlideLITE Camera Strap SLL-1 (Black),Electronics
AVpfnp8HLJeJML43AmVi,80,80,In Stock,New,USD,"2017-08-29T08:00:00Z,2017-08-22T08:00:00Z,2017-08-19T08:00:00Z",FALSE,Lowepro,"Backpacks ffvzrevebzuqvcddwzzxeuwva,Camera Accessories,Digital Camera Accessories,Camera Bags & Cases,Bag & Case Accessories,Camera Backpacks,Electronics,Computers Features,Camera & Photo,Hiking Daypacks,Camera Cases,Cameras & Camcorders,Photography,Camera Bags,Backpacking Packs,Camera & Photo Features,Photography Bags Cases,Backpacks,Camera Bags, Cases & Straps,Bags & Cases,Outdoor Recreation",Lowepro,Flipside 300 Backpack (Black),Electronics
AVpfnp8HLJeJML43AmVi,79,79,Yes,New,USD,"2017-10-10T08:00:00Z,2017-08-28T12:00:00Z,2017-08-12T13:00:00Z,2017-07-31T22:00:00Z,2017-08-01T06:00:00Z,2017-07-26T16:00:00Z,2017-05-31T22:00:00Z,2017-06-01T12:00:00Z,2017-05-09T12:00:00Z,2017-05-01T07:00:00Z,2017-05-18T05:00:00Z,2017-04-04T08:00:00Z,2017-03-30T05:00:00Z,2017-03-10T16:00:00Z,2017-03-04T10:00:00Z,2017-03-02T22:00:00Z",FALSE,Lowepro,"Backpacks ffvzrevebzuqvcddwzzxeuwva,Camera Accessories,Digital Camera Accessories,Camera Bags & Cases,Bag & Case Accessories,Camera Backpacks,Electronics,Computers Features,Camera & Photo,Hiking Daypacks,Camera Cases,Cameras & Camcorders,Photography,Camera Bags,Backpacking Packs,Camera & Photo Features,Photography Bags Cases,Backpacks,Camera Bags, Cases & Straps,Bags & Cases,Outdoor Recreation",Lowepro,Flipside 300 Backpack (Black),Electronics
AVpfnp8HLJeJML43AmVi,90,90,In Stock,New,USD,"2018-06-02T14:00:00Z,2018-01-09T20:00:00Z,2017-12-08T02:00:00Z,2017-12-07T22:00:00Z,2018-01-25T15:00:00Z,2018-01-12T20:00:00Z,2017-12-05T22:00:00Z",FALSE,Lowepro,"Backpacks ffvzrevebzuqvcddwzzxeuwva,Camera Accessories,Digital Camera Accessories,Camera Bags & Cases,Bag & Case Accessories,Camera Backpacks,Electronics,Computers Features,Camera & Photo,Hiking Daypacks,Camera Cases,Cameras & Camcorders,Photography,Camera Bags,Backpacking Packs,Camera & Photo Features,Photography Bags Cases,Backpacks,Camera Bags, Cases & Straps,Bags & Cases,Outdoor Recreation",Lowepro,Flipside 300 Backpack (Black),Electronics
AVpfnp8HLJeJML43AmVi,65,65,In Stock,New,USD,2017-08-26T14:00:00Z,FALSE,Lowepro,"Backpacks ffvzrevebzuqvcddwzzxeuwva,Camera Accessories,Digital Camera Accessories,Camera Bags & Cases,Bag & Case Accessories,Camera Backpacks,Electronics,Computers Features,Camera & Photo,Hiking Daypacks,Camera Cases,Cameras & Camcorders,Photography,Camera Bags,Backpacking Packs,Camera & Photo Features,Photography Bags Cases,Backpacks,Camera Bags, Cases & Straps,Bags & Cases,Outdoor Recreation",Lowepro,Flipside 300 Backpack (Black),Electronics
AVpfnp8HLJeJML43AmVi,67,67,In Stock,New,USD,2017-10-24T14:00:00Z,FALSE,Lowepro,"Backpacks ffvzrevebzuqvcddwzzxeuwva,Camera Accessories,Digital Camera Accessories,Camera Bags & Cases,Bag & Case Accessories,Camera Backpacks,Electronics,Computers Features,Camera & Photo,Hiking Daypacks,Camera Cases,Cameras & Camcorders,Photography,Camera Bags,Backpacking Packs,Camera & Photo Features,Photography Bags Cases,Backpacks,Camera Bags, Cases & Straps,Bags & Cases,Outdoor Recreation",Lowepro,Flipside 300 Backpack (Black),Electronics
AVpfnp8HLJeJML43AmVi,80,80,In Stock,New,USD,2017-09-08T14:00:00Z,FALSE,Lowepro,"Backpacks ffvzrevebzuqvcddwzzxeuwva,Camera Accessories,Digital Camera Accessories,Camera Bags & Cases,Bag & Case Accessories,Camera Backpacks,Electronics,Computers Features,Camera & Photo,Hiking Daypacks,Camera Cases,Cameras & Camcorders,Photography,Camera Bags,Backpacking Packs,Camera & Photo Features,Photography Bags Cases,Backpacks,Camera Bags, Cases & Straps,Bags & Cases,Outdoor Recreation",Lowepro,Flipside 300 Backpack (Black),Electronics
AV13iAUYGV-KLJ3aka9M,451,451,Yes,New,USD,2017-10-10T21:00:00Z,TRUE,Samsung,"LCD TVs,Samsung TVs,Electronics,Shop TVs by Type,Televisions,TVs Entertainment,TV & Home Theater,TVs by Brand,All Flat-Panel TVs,All TVs,LED & LCD TVs,TVs,TV & Video,Television & Video,LED TVs",,"Samsung - 50 Class (49.5"" Diag.) - LED - 1080p - Smart - HDTV""",Electronics
AV13iAUYGV-KLJ3aka9M,600,398,In Stock,New,USD,"2018-05-28T07:00:00Z,2018-05-24T07:00:00Z,2018-03-09T18:00:00Z,2018-05-27T11:00:00Z",TRUE,Samsung,"LCD TVs,Samsung TVs,Electronics,Shop TVs by Type,Televisions,TVs Entertainment,TV & Home Theater,TVs by Brand,All Flat-Panel TVs,All TVs,LED & LCD TVs,TVs,TV & Video,Television & Video,LED TVs",,"Samsung - 50 Class (49.5"" Diag.) - LED - 1080p - Smart - HDTV""",Electronics
AV13iAUYGV-KLJ3aka9M,478,478,In Stock,New,USD,"2017-09-24T03:00:00Z,2017-08-29T04:00:00Z",TRUE,Samsung,"LCD TVs,Samsung TVs,Electronics,Shop TVs by Type,Televisions,TVs Entertainment,TV & Home Theater,TVs by Brand,All Flat-Panel TVs,All TVs,LED & LCD TVs,TVs,TV & Video,Television & Video,LED TVs",,"Samsung - 50 Class (49.5"" Diag.) - LED - 1080p - Smart - HDTV""",Electronics
AV13iAUYGV-KLJ3aka9M,496,496,In Stock,New,USD,2017-07-21T16:00:00Z,FALSE,Samsung,"LCD TVs,Samsung TVs,Electronics,Shop TVs by Type,Televisions,TVs Entertainment,TV & Home Theater,TVs by Brand,All Flat-Panel TVs,All TVs,LED & LCD TVs,TVs,TV & Video,Television & Video,LED TVs",,"Samsung - 50 Class (49.5"" Diag.) - LED - 1080p - Smart - HDTV""",Electronics
AV13iAUYGV-KLJ3aka9M,600,478,In Stock,New,USD,"2017-09-07T14:00:00Z,2017-08-14T14:00:00Z",TRUE,Samsung,"LCD TVs,Samsung TVs,Electronics,Shop TVs by Type,Televisions,TVs Entertainment,TV & Home Theater,TVs by Brand,All Flat-Panel TVs,All TVs,LED & LCD TVs,TVs,TV & Video,Television & Video,LED TVs",,"Samsung - 50 Class (49.5"" Diag.) - LED - 1080p - Smart - HDTV""",Electronics
AV13iAUYGV-KLJ3aka9M,450,450,TRUE,new,USD,2018-05-26T15:00:00Z,FALSE,Samsung,"LCD TVs,Samsung TVs,Electronics,Shop TVs by Type,Televisions,TVs Entertainment,TV & Home Theater,TVs by Brand,All Flat-Panel TVs,All TVs,LED & LCD TVs,TVs,TV & Video,Television & Video,LED TVs",,"Samsung - 50 Class (49.5"" Diag.) - LED - 1080p - Smart - HDTV""",Electronics
AV13iAUYGV-KLJ3aka9M,480,480,Yes,New,USD,"2017-10-10T21:00:00Z,2017-09-06T17:00:00Z,2017-08-30T05:00:00Z,2017-09-18T14:00:00Z",FALSE,Samsung,"LCD TVs,Samsung TVs,Electronics,Shop TVs by Type,Televisions,TVs Entertainment,TV & Home Theater,TVs by Brand,All Flat-Panel TVs,All TVs,LED & LCD TVs,TVs,TV & Video,Television & Video,LED TVs",,"Samsung - 50 Class (49.5"" Diag.) - LED - 1080p - Smart - HDTV""",Electronics
AV13iAUYGV-KLJ3aka9M,600,498,In Stock,New,USD,"2017-10-24T01:00:00Z,2017-09-15T00:00:00Z",TRUE,Samsung,"LCD TVs,Samsung TVs,Electronics,Shop TVs by Type,Televisions,TVs Entertainment,TV & Home Theater,TVs by Brand,All Flat-Panel TVs,All TVs,LED & LCD TVs,TVs,TV & Video,Television & Video,LED TVs",,"Samsung - 50 Class (49.5"" Diag.) - LED - 1080p - Smart - HDTV""",Electronics
AV13iAUYGV-KLJ3aka9M,549,549,In Stock,New,USD,"2018-04-26T17:00:00Z,2018-03-09T18:00:00Z",FALSE,Samsung,"LCD TVs,Samsung TVs,Electronics,Shop TVs by Type,Televisions,TVs Entertainment,TV & Home Theater,TVs by Brand,All Flat-Panel TVs,All TVs,LED & LCD TVs,TVs,TV & Video,Television & Video,LED TVs",,"Samsung - 50 Class (49.5"" Diag.) - LED - 1080p - Smart - HDTV""",Electronics
AV13iAUYGV-KLJ3aka9M,498,498,In Stock,New,USD,"2018-01-09T20:00:00Z,2017-12-04T21:00:00Z,2017-11-18T10:00:00Z,2017-09-24T03:00:00Z,2017-08-29T04:00:00Z,2017-08-19T02:00:00Z",FALSE,Samsung,"LCD TVs,Samsung TVs,Electronics,Shop TVs by Type,Televisions,TVs Entertainment,TV & Home Theater,TVs by Brand,All Flat-Panel TVs,All TVs,LED & LCD TVs,TVs,TV & Video,Television & Video,LED TVs",,"Samsung - 50 Class (49.5"" Diag.) - LED - 1080p - Smart - HDTV""",Electronics
AV13iAUYGV-KLJ3aka9M,550,550,In Stock,New,USD,"2017-10-28T18:00:00Z,2017-10-30T16:00:00Z,2017-11-09T04:00:00Z,2017-10-24T23:00:00Z",FALSE,Samsung,"LCD TVs,Samsung TVs,Electronics,Shop TVs by Type,Televisions,TVs Entertainment,TV & Home Theater,TVs by Brand,All Flat-Panel TVs,All TVs,LED & LCD TVs,TVs,TV & Video,Television & Video,LED TVs",,"Samsung - 50 Class (49.5"" Diag.) - LED - 1080p - Smart - HDTV""",Electronics
AV13iAUYGV-KLJ3aka9M,600,448,In Stock,New,USD,2017-11-16T19:00:00Z,TRUE,Samsung,"LCD TVs,Samsung TVs,Electronics,Shop TVs by Type,Televisions,TVs Entertainment,TV & Home Theater,TVs by Brand,All Flat-Panel TVs,All TVs,LED & LCD TVs,TVs,TV & Video,Television & Video,LED TVs",,"Samsung - 50 Class (49.5"" Diag.) - LED - 1080p - Smart - HDTV""",Electronics
AV13iAUYGV-KLJ3aka9M,448,448,In Stock,New,USD,"2017-12-04T21:00:00Z,2017-11-18T10:00:00Z",TRUE,Samsung,"LCD TVs,Samsung TVs,Electronics,Shop TVs by Type,Televisions,TVs Entertainment,TV & Home Theater,TVs by Brand,All Flat-Panel TVs,All TVs,LED & LCD TVs,TVs,TV & Video,Television & Video,LED TVs",,"Samsung - 50 Class (49.5"" Diag.) - LED - 1080p - Smart - HDTV""",Electronics
AV13iAUYGV-KLJ3aka9M,529,529,In Stock,New,USD,"2018-02-05T20:00:00Z,2018-01-21T02:00:00Z",FALSE,Samsung,"LCD TVs,Samsung TVs,Electronics,Shop TVs by Type,Televisions,TVs Entertainment,TV & Home Theater,TVs by Brand,All Flat-Panel TVs,All TVs,LED & LCD TVs,TVs,TV & Video,Television & Video,LED TVs",,"Samsung - 50 Class (49.5"" Diag.) - LED - 1080p - Smart - HDTV""",Electronics
AV13iAUYGV-KLJ3aka9M,600,330,In Stock,New,USD,2018-04-26T17:00:00Z,TRUE,Samsung,"LCD TVs,Samsung TVs,Electronics,Shop TVs by Type,Televisions,TVs Entertainment,TV & Home Theater,TVs by Brand,All Flat-Panel TVs,All TVs,LED & LCD TVs,TVs,TV & Video,Television & Video,LED TVs",,"Samsung - 50 Class (49.5"" Diag.) - LED - 1080p - Smart - HDTV""",Electronics
AV13iAUYGV-KLJ3aka9M,432,432,Yes,New,USD,"2017-09-06T17:00:00Z,2017-08-30T05:00:00Z,2017-09-18T14:00:00Z",TRUE,Samsung,"LCD TVs,Samsung TVs,Electronics,Shop TVs by Type,Televisions,TVs Entertainment,TV & Home Theater,TVs by Brand,All Flat-Panel TVs,All TVs,LED & LCD TVs,TVs,TV & Video,Television & Video,LED TVs",,"Samsung - 50 Class (49.5"" Diag.) - LED - 1080p - Smart - HDTV""",Electronics
AV13iAUYGV-KLJ3aka9M,498,498,In Stock,New,USD,"2018-01-21T02:00:00Z,2017-10-30T16:00:00Z",FALSE,Samsung,"LCD TVs,Samsung TVs,Electronics,Shop TVs by Type,Televisions,TVs Entertainment,TV & Home Theater,TVs by Brand,All Flat-Panel TVs,All TVs,LED & LCD TVs,TVs,TV & Video,Television & Video,LED TVs",,"Samsung - 50 Class (49.5"" Diag.) - LED - 1080p - Smart - HDTV""",Electronics
AV13iAUYGV-KLJ3aka9M,500,500,Yes,New,USD,"2017-07-31T22:00:00Z,2017-08-01T07:00:00Z,2017-07-26T20:00:00Z",FALSE,Samsung,"LCD TVs,Samsung TVs,Electronics,Shop TVs by Type,Televisions,TVs Entertainment,TV & Home Theater,TVs by Brand,All Flat-Panel TVs,All TVs,LED & LCD TVs,TVs,TV & Video,Television & Video,LED TVs",,"Samsung - 50 Class (49.5"" Diag.) - LED - 1080p - Smart - HDTV""",Electronics
AV13iAUYGV-KLJ3aka9M,400,400,TRUE,new,USD,2018-05-26T15:00:00Z,TRUE,Samsung,"LCD TVs,Samsung TVs,Electronics,Shop TVs by Type,Televisions,TVs Entertainment,TV & Home Theater,TVs by Brand,All Flat-Panel TVs,All TVs,LED & LCD TVs,TVs,TV & Video,Television & Video,LED TVs",,"Samsung - 50 Class (49.5"" Diag.) - LED - 1080p - Smart - HDTV""",Electronics
AV13iAUYGV-KLJ3aka9M,500,500,In Stock,New,USD,2017-12-07T06:00:00Z,FALSE,Samsung,"LCD TVs,Samsung TVs,Electronics,Shop TVs by Type,Televisions,TVs Entertainment,TV & Home Theater,TVs by Brand,All Flat-Panel TVs,All TVs,LED & LCD TVs,TVs,TV & Video,Television & Video,LED TVs",,"Samsung - 50 Class (49.5"" Diag.) - LED - 1080p - Smart - HDTV""",Electronics
AVpgF1BOilAPnD_xnTsK,38,38,Out Of Stock,New,USD,2017-07-23T00:00:00Z,FALSE,"Sdi Technologies, Inc.","Portable Bluetooth Speakers,Stereos,Computers,Bluetooth & Wireless Speakers,Computer Accessories,Speaker Systems,Portable Audio & Video,Electronics,Portable Audio,Portable Wireless & Bluetooth Speakers,Speakers,Home Audio & Theater,Wireless and Bluetooth Speakers,Portable Speakers & Docks,Wireless & Portable Bluetooth Speakers,Audio,Computer Speakers",iHome,iHome Rechargeable Splash Proof Stereo Bluetooth Speaker - Black (IBT33BC),Electronics
AVpgF1BOilAPnD_xnTsK,40,40,Yes,New,USD,"2017-06-01T17:00:00Z,2017-06-01T19:00:00Z,2017-05-01T15:00:00Z,2017-05-09T15:00:00Z,2017-05-18T08:00:00Z",FALSE,"Sdi Technologies, Inc.","Portable Bluetooth Speakers,Stereos,Computers,Bluetooth & Wireless Speakers,Computer Accessories,Speaker Systems,Portable Audio & Video,Electronics,Portable Audio,Portable Wireless & Bluetooth Speakers,Speakers,Home Audio & Theater,Wireless and Bluetooth Speakers,Portable Speakers & Docks,Wireless & Portable Bluetooth Speakers,Audio,Computer Speakers",iHome,iHome Rechargeable Splash Proof Stereo Bluetooth Speaker - Black (IBT33BC),Electronics
AVpgF1BOilAPnD_xnTsK,50,50,In Stock,New,USD,2018-01-21T08:00:00Z,FALSE,"Sdi Technologies, Inc.","Portable Bluetooth Speakers,Stereos,Computers,Bluetooth & Wireless Speakers,Computer Accessories,Speaker Systems,Portable Audio & Video,Electronics,Portable Audio,Portable Wireless & Bluetooth Speakers,Speakers,Home Audio & Theater,Wireless and Bluetooth Speakers,Portable Speakers & Docks,Wireless & Portable Bluetooth Speakers,Audio,Computer Speakers",iHome,iHome Rechargeable Splash Proof Stereo Bluetooth Speaker - Black (IBT33BC),Electronics
AVpgF1BOilAPnD_xnTsK,44,44,In Stock,New,USD,2017-09-17T10:00:00Z,FALSE,"Sdi Technologies, Inc.","Portable Bluetooth Speakers,Stereos,Computers,Bluetooth & Wireless Speakers,Computer Accessories,Speaker Systems,Portable Audio & Video,Electronics,Portable Audio,Portable Wireless & Bluetooth Speakers,Speakers,Home Audio & Theater,Wireless and Bluetooth Speakers,Portable Speakers & Docks,Wireless & Portable Bluetooth Speakers,Audio,Computer Speakers",iHome,iHome Rechargeable Splash Proof Stereo Bluetooth Speaker - Black (IBT33BC),Electronics
AVpgF1BOilAPnD_xnTsK,50,50,Yes,New,USD,2017-03-30T10:00:00Z,FALSE,"Sdi Technologies, Inc.","Portable Bluetooth Speakers,Stereos,Computers,Bluetooth & Wireless Speakers,Computer Accessories,Speaker Systems,Portable Audio & Video,Electronics,Portable Audio,Portable Wireless & Bluetooth Speakers,Speakers,Home Audio & Theater,Wireless and Bluetooth Speakers,Portable Speakers & Docks,Wireless & Portable Bluetooth Speakers,Audio,Computer Speakers",iHome,iHome Rechargeable Splash Proof Stereo Bluetooth Speaker - Black (IBT33BC),Electronics
AVpgF1BOilAPnD_xnTsK,33,33,Yes,New,USD,"2017-03-15T17:00:00Z,2017-03-10T22:00:00Z,2017-03-04T10:00:00Z",FALSE,"Sdi Technologies, Inc.","Portable Bluetooth Speakers,Stereos,Computers,Bluetooth & Wireless Speakers,Computer Accessories,Speaker Systems,Portable Audio & Video,Electronics,Portable Audio,Portable Wireless & Bluetooth Speakers,Speakers,Home Audio & Theater,Wireless and Bluetooth Speakers,Portable Speakers & Docks,Wireless & Portable Bluetooth Speakers,Audio,Computer Speakers",iHome,iHome Rechargeable Splash Proof Stereo Bluetooth Speaker - Black (IBT33BC),Electronics
AVpgF1BOilAPnD_xnTsK,38,38,Yes,New,USD,"2017-08-30T08:00:00Z,2017-08-01T00:00:00Z,2017-08-01T17:00:00Z,2017-07-26T21:00:00Z",FALSE,"Sdi Technologies, Inc.","Portable Bluetooth Speakers,Stereos,Computers,Bluetooth & Wireless Speakers,Computer Accessories,Speaker Systems,Portable Audio & Video,Electronics,Portable Audio,Portable Wireless & Bluetooth Speakers,Speakers,Home Audio & Theater,Wireless and Bluetooth Speakers,Portable Speakers & Docks,Wireless & Portable Bluetooth Speakers,Audio,Computer Speakers",iHome,iHome Rechargeable Splash Proof Stereo Bluetooth Speaker - Black (IBT33BC),Electronics
