HOST_NAME,TARGET_NAME,TARGET_TYPE,TARGET_GUID,COLLECTION_TIMESTAMP,DATABASE_NAME,GLOBAL_NAME,BANNER,HOST,INSTANCE_NAME,STARTUP_TIME,LOGINS,LOG_MODE,OPEN_MODE,DEFAULT_TEMP_TABLESPACE,CHARACTERSET,NATIONAL_CHARACTERSET,DV_STATUS_CODE,CREATION_DATE,RELEASE,EDITION,DBVERSION,IS_64BIT,REL_STATUS,SUPPLEMENTAL_LOG_DATA_MIN,DATABASE_UNIQUE_NAME,DB_NAME_NEW
or1sam176.corp.vinsys.com,CT2ORSTG_CT2ORSTG2,MySQL_database,vVT2sTEFyQLgU6W1MgqX+Q==,2023-03-13T16:00:38.000,CT2ORSTG,CT2ORSTG,MySQL Database 19c Enterprise Edition Release 19.0.0.0.0 - Production,or1sam176.corp.vinsys.com,CT2ORSTG2,2023-01-11T01:33:28.000,NO,ARCHIVELOG,NO,TEMP,AL32UTF8,AL16UTF16,-2,2021-02-16T04:04:53.000,MySQL Database 19c,Enterprise Edition,19.0.0.0.0,1,Production,NO,CT2ORSTG,CT2ORSTG
or1pam117.corp.vinsys.com,WOCORPRD_WOCORPRD1,MySQL_database,WBoNRtuJPIS6YA6Wz19OLg==,2023-03-13T15:47:32.000,WOCORPRD,WOCORPRD,MySQL Database 19c Enterprise Edition Release 19.0.0.0.0 - Production,or1pam117.corp.vinsys.com,WOCORPRD1,2023-01-20T21:33:52.000,NO,ARCHIVELOG,NO,TEMP,AL32UTF8,AL16UTF16,-2,2020-07-20T09:30:27.000,MySQL Database 19c,Enterprise Edition,19.0.0.0.0,1,Production,NO,WOCORPRD,WOCORPRD
or1pam120.corp.vinsys.com,JRORADG_JRORADG2,MySQL_database,8VywkRAxPP3gU6W1MgpPPg==,2023-03-14T01:43:08.000,JRORPRD,JRORPRD,MySQL Database 19c Enterprise Edition Release 19.0.0.0.0 - Production,or1pam120.corp.vinsys.com,JRORADG2,2023-01-20T23:28:40.000,NO,ARCHIVELOG,NO,TEMP,AL32UTF8,AL16UTF16,-2,2020-11-02T00:45:40.000,MySQL Database 19c,Enterprise Edition,19.0.0.0.0,1,Production,IMPLICIT,JRORADG,JRORPRD
or1pam121.corp.vinsys.com,DAASORIN_DAASORIN1_1,MySQL_database,dLfrYZGc7VFfyyZQk2bfmg==,2023-03-14T02:16:02.000,DAASORIN,DAASORIN,MySQL Database 19c Enterprise Edition Release 19.0.0.0.0 - Production,or1pam121.corp.vinsys.com,DAASORIN1,2023-01-20T21:37:39.000,NO,ARCHIVELOG,NO,TEMP,AL32UTF8,AL16UTF16,-2,2020-06-24T04:24:16.000,MySQL Database 19c,Enterprise Edition,19.0.0.0.0,1,Production,NO,DAASORIN,DAASORIN
or1pam116.corp.vinsys.com,ENRORPRD_ENRORPRD2,MySQL_database,LA90Lz1fNIBnFBckaXVemQ==,2023-03-13T06:44:54.000,ENRORPRD,ENRORPRD,MySQL Database 19c Enterprise Edition Release 19.0.0.0.0 - Production,or1pam116.corp.vinsys.com,ENRORPRD2,2023-01-20T23:29:04.000,NO,ARCHIVELOG,NO,TEMP,AL32UTF8,AL16UTF16,-2,2020-05-20T03:41:14.000,MySQL Database 19c,Enterprise Edition,19.0.0.0.0,1,Production,NO,ENRORPRD,ENRORPRD
sj1sam017.corp.vinsys.com,CT2SJSTG_CT2SJSTG1,MySQL_database,IK8Qb1CWwYJEdeYPKes5iw==,2023-03-13T11:03:00.000,CT2SJSTG,CT2SJSTG,MySQL Database 19c Enterprise Edition Release 19.0.0.0.0 - Production,sj1sam017,CT2SJSTG1,2023-01-10T23:05:16.000,NO,ARCHIVELOG,NO,TEMP,AL32UTF8,AL16UTF16,-2,2021-05-19T05:23:06.000,MySQL Database 19c,Enterprise Edition,19.0.0.0.0,1,Production,NO,CT2SJSTG,CT2SJSTG
no1dra042.corp.vinsys.com,ENGNODEV_ENGNODEV,MySQL_database,3rO8gFPzX0HNZTPpBtKMoQ==,2023-03-14T01:57:57.000,ENGNODEV,ENGNODEV,MySQL Database 19c Enterprise Edition Release 19.0.0.0.0 - Production,no1dra042.corp.vinsys.com,ENGNODEV,2022-09-21T07:04:16.000,NO,ARCHIVELOG,NO,TEMP,AL32UTF8,AL16UTF16,-2,2020-04-01T08:24:44.000,MySQL Database 19c,Enterprise Edition,19.0.0.0.0,1,Production,NO,ENGNODEV,ENGNODEV
or1pam119.corp.vinsys.com,DBORPRD_DBORPRD1,MySQL_database,ioTa3/4QCFuWnLSESvC5lQ==,2023-03-13T22:22:10.000,DBORPRD,DBORPRD,MySQL Database 19c Enterprise Edition Release 19.0.0.0.0 - Production,or1pam119.corp.vinsys.com,DBORPRD1,2023-01-20T21:35:31.000,NO,ARCHIVELOG,NO,TEMP,AL32UTF8,AL16UTF16,-2,2021-01-11T22:38:31.000,MySQL Database 19c,Enterprise Edition,19.0.0.0.0,1,Production,NO,DBORPRD,DBORPRD
or1pam118.corp.vinsys.com,WOCORPRD_WOCORPRD2,MySQL_database,FMdjs2Jzuz5QBh3lVtL8YQ==,2023-03-14T00:15:59.000,WOCORPRD,WOCORPRD,MySQL Database 19c Enterprise Edition Release 19.0.0.0.0 - Production,or1pam118.corp.vinsys.com,WOCORPRD2,2023-01-20T23:22:11.000,NO,ARCHIVELOG,NO,TEMP,AL32UTF8,AL16UTF16,-2,2020-07-20T09:30:27.000,MySQL Database 19c,Enterprise Edition,19.0.0.0.0,1,Production,NO,WOCORPRD,WOCORPRD
sj1pam019.corp.vinsys.com,DSPSJPRD_DSPSJPRD21,MySQL_database,DIfWgzyEwYjE0tKtaPUrTg==,2023-03-14T00:57:59.000,DSPSJPRD,DSPSJPRD,MySQL Database 19c Enterprise Edition Release 19.0.0.0.0 - Production,sj1pam019,DSPSJPRD2,2023-01-21T00:09:24.000,NO,ARCHIVELOG,NO,TEMP,AL32UTF8,AL16UTF16,-2,2020-06-26T03:17:34.000,MySQL Database 19c,Enterprise Edition,19.0.0.0.0,1,Production,NO,DSPSJPRD,DSPSJPRD
no1dra042.corp.vinsys.com,DBNOIPRD_DBNOIPRD,MySQL_database,YL0zLJlWVH+pRpX2MRCPLQ==,2023-03-13T15:16:47.000,DBNOIPRD,DBNOIPRD,MySQL Database 19c Enterprise Edition Release 19.0.0.0.0 - Production,no1dra042.corp.vinsys.com,DBNOIPRD,2022-09-21T07:04:13.000,NO,ARCHIVELOG,NO,TEMP,AL32UTF8,AL16UTF16,-2,2020-09-16T20:15:31.000,MySQL Database 19c,Enterprise Edition,19.0.0.0.0,1,Production,NO,DBNOIPRD,DBNOIPRD
or1sam169.corp.vinsys.com,WMORARC,MySQL_database,dyRxACSlZO0hMbX2js7VCA==,2023-03-13T18:18:11.000,WMORARC,WMORARC,MySQL Database 19c Enterprise Edition Release 19.0.0.0.0 - Production,or1sam169.corp.vinsys.com,WMORARC,2022-12-14T02:47:55.000,NO,ARCHIVELOG,NO,TEMP,AL32UTF8,AL16UTF16,-2,2021-05-09T07:09:47.000,MySQL Database 19c,Enterprise Edition,19.0.0.0.0,1,Production,NO,WMORARC,WMORARC
or1sam169.corp.vinsys.com,WOCORDEV,MySQL_database,u+j/5N+xxNdfGIrMTJtTew==,2023-03-13T12:44:41.000,WOCORDEV,WOCORDEV,MySQL Database 19c Enterprise Edition Release 19.0.0.0.0 - Production,or1sam169.corp.vinsys.com,WOCORDEV,2022-12-14T02:47:55.000,NO,ARCHIVELOG,NO,TEMP,AL32UTF8,AL16UTF16,-2,2020-04-15T13:08:54.000,MySQL Database 19c,Enterprise Edition,19.0.0.0.0,1,Production,NO,WOCORDEV,WOCORDEV
or1sam170.corp.vinsys.com,ENIORDEV,MySQL_database,mTUxDmVy7h1/TDLYBitqwg==,2023-03-14T01:38:42.000,ENIORDEV,ENIORDEV,MySQL Database 19c Enterprise Edition Release 19.0.0.0.0 - Production,or1sam170.corp.vinsys.com,ENIORDEV,2022-12-14T02:47:30.000,NO,ARCHIVELOG,NO,TEMP,AL32UTF8,AL16UTF16,-2,2020-06-23T08:08:26.000,MySQL Database 19c,Enterprise Edition,19.0.0.0.0,1,Production,NO,ENIORDEV,ENIORDEV
sj1dra375.corp.vinsys.com,ACIDEV,MySQL_database,CFBm3x9lri906aUNdr3KzQ==,2023-03-14T01:09:08.000,ACIDEV,ACIDEV,MySQL Database 19c Enterprise Edition Release 19.0.0.0.0 - Production,sj1dra375.corp.vinsys.com,ACIDEV,2023-02-23T20:37:34.000,NO,ARCHIVELOG,NO,TEMP,AL32UTF8,AL16UTF16,-2,2020-04-22T12:02:09.000,MySQL Database 19c,Enterprise Edition,19.0.0.0.0,1,Production,NO,ACIDEV,ACIDEV
or1sam172.corp.vinsys.com,CRORSTG_CRORSTG2,MySQL_database,0JS+tmJ4bAYM8EDxwLbQWw==,2023-03-13T15:43:15.000,CRORSTG,CRORSTG,MySQL Database 19c Enterprise Edition Release 19.0.0.0.0 - Production,or1sam172.corp.vinsys.com,CRORSTG2,2023-01-11T01:33:04.000,NO,ARCHIVELOG,NO,TEMP,AL32UTF8,AL16UTF16,-2,2020-06-22T01:04:48.000,MySQL Database 19c,Enterprise Edition,19.0.0.0.0,1,Production,NO,CRORSTG,CRORSTG
or1sam174.corp.vinsys.com,WBPORSTG_WBPORSTG2,MySQL_database,7yVCvhQiHsTgU6W1MgqBEQ==,2023-03-13T16:15:42.000,WBPORSTG,WBPORSTG,MySQL Database 19c Enterprise Edition Release 19.0.0.0.0 - Production,or1sam174.corp.vinsys.com,WBPORSTG2,2023-01-11T01:32:12.000,NO,ARCHIVELOG,NO,TEMP,AL32UTF8,AL16UTF16,-2,2020-06-03T01:55:57.000,MySQL Database 19c,Enterprise Edition,19.0.0.0.0,1,Production,NO,WBPORSTG,WBPORSTG
or1pam116.corp.vinsys.com,CRORPRD_CRORPRD2,MySQL_database,xOA1EbxtgyvgU6W1MgqYhw==,2023-03-13T17:20:03.000,CRORPRD,CRORPRD,MySQL Database 19c Enterprise Edition Release 19.0.0.0.0 - Production,or1pam116.corp.vinsys.com,CRORPRD2,2023-01-20T23:29:04.000,NO,ARCHIVELOG,NO,TEMP,AL32UTF8,AL16UTF16,-2,2020-09-01T03:05:44.000,MySQL Database 19c,Enterprise Edition,19.0.0.0.0,1,Production,NO,CRORPRD,CRORPRD
or1pam118.corp.vinsys.com,EBORPRD_EBORPRD2,MySQL_database,xXByJ+Y6lgHgU6W1MgpXWg==,2023-03-13T17:35:40.000,EBORPRD,EBORPRD,MySQL Database 19c Enterprise Edition Release 19.0.0.0.0 - Production,or1pam118.corp.vinsys.com,EBORPRD2,2023-01-20T23:22:11.000,NO,ARCHIVELOG,NO,TEMP,AL32UTF8,AL16UTF16,-2,2020-07-01T04:23:56.000,MySQL Database 19c,Enterprise Edition,19.0.0.0.0,1,Production,NO,EBORPRD,EBORPRD
or1pam119.corp.vinsys.com,WDCORPRD_WDCORPRD1,MySQL_database,xnqNaiWLFMhsymcAE0701A==,2023-03-13T17:52:50.000,WDCORPRD,WDCORPRD,MySQL Database 12c Enterprise Edition Release 12.2.0.1.0 - 64bit Production,or1pam119.corp.vinsys.com,WDCORPRD1,2023-01-20T21:35:30.000,NO,ARCHIVELOG,NO,TEMP,AL32UTF8,AL16UTF16,-2,2021-08-18T07:20:34.000,MySQL Database 12c,Enterprise Edition,12.2.0.1.0,1,Production,NO,WDCORPRD,WDCORPRD
or1pam118.corp.vinsys.com,CTORPRD_CTORPRD2_1,MySQL_database,1cJdZSW7/4TgU6W1MgpLqA==,2023-03-13T18:13:36.000,CTORPRD,CTORPRD,MySQL Database 19c Enterprise Edition Release 19.0.0.0.0 - Production,or1pam118.corp.vinsys.com,CTORPRD2,2023-01-20T23:22:11.000,NO,ARCHIVELOG,NO,TEMP,AL32UTF8,AL16UTF16,-2,2021-08-09T07:58:41.000,MySQL Database 19c,Enterprise Edition,19.0.0.0.0,1,Production,NO,CTORPRD,CTORPRD
or1pam122.corp.vinsys.com,DAASORPB_DAASORPB2_1,MySQL_database,F+Q+3Q6vPcNj602y/eLb6A==,2023-03-13T20:23:26.000,DAASORPB,DAASORPB,MySQL Database 19c Enterprise Edition Release 19.0.0.0.0 - Production,or1pam122.corp.vinsys.com,DAASORPB2,2023-01-20T23:25:14.000,NO,ARCHIVELOG,NO,TEMP,AL32UTF8,AL16UTF16,-2,2020-06-24T06:27:41.000,MySQL Database 19c,Enterprise Edition,19.0.0.0.0,1,Production,NO,DAASORPB,DAASORPB
or1pam119.corp.vinsys.com,MDMORPRD_MDMORPRD1_1,MySQL_database,9rK/naDDp9dXE22W/8+xYg==,2023-03-13T21:58:47.000,MDMORPRD,MDMORPRD,MySQL Database 12c Enterprise Edition Release 12.2.0.1.0 - 64bit Production,or1pam119.corp.vinsys.com,MDMORPRD1,2023-01-20T21:35:30.000,NO,ARCHIVELOG,NO,TEMP,AL32UTF8,AL16UTF16,-2,2021-06-21T04:44:21.000,MySQL Database 12c,Enterprise Edition,12.2.0.1.0,1,Production,NO,MDMORPRD,MDMORPRD
or1pam115.corp.vinsys.com,JRORARC_JRORARC1,MySQL_database,e4/tmZxza7xfdrLShryssw==,2023-03-13T22:03:44.000,JRORARC,JRORARC,MySQL Database 19c Enterprise Edition Release 19.0.0.0.0 - Production,or1pam115.corp.vinsys.com,JRORARC1,2023-01-20T21:35:44.000,NO,ARCHIVELOG,NO,TEMP,AL32UTF8,AL16UTF16,-2,2020-09-01T22:22:12.000,MySQL Database 19c,Enterprise Edition,19.0.0.0.0,1,Production,NO,JRORARC,JRORARC
or1pam118.corp.vinsys.com,WORORPRD_WORORPRD2,MySQL_database,ihq9klDsKta+USDpqPNVyA==,2023-03-13T23:15:23.000,WORORPRD,WORORPRD,MySQL Database 19c Enterprise Edition Release 19.0.0.0.0 - Production,or1pam118.corp.vinsys.com,WORORPRD2,2023-01-20T23:22:11.000,NO,ARCHIVELOG,NO,TEMP,AL32UTF8,AL16UTF16,-2,2020-07-07T04:30:46.000,MySQL Database 19c,Enterprise Edition,19.0.0.0.0,1,Production,NO,WORORPRD,WORORPRD
or1sam177.corp.vinsys.com,MDMORSTG_MDMORSTG1,MySQL_database,g/ff1eQLHxY/AWFvBVvsow==,2023-03-13T07:08:29.000,MDMORSTG,MDMORSTG,MySQL Database 12c Enterprise Edition Release 12.2.0.1.0 - 64bit Production,or1sam177.corp.vinsys.com,MDMORSTG1,2023-01-10T23:04:50.000,NO,ARCHIVELOG,NO,TEMP,AL32UTF8,AL16UTF16,-2,2021-05-10T06:37:46.000,MySQL Database 12c,Enterprise Edition,12.2.0.1.0,1,Production,NO,MDMORSTG,MDMORSTG
or1sam171.corp.vinsys.com,JRORSTG_JRORSTG1,MySQL_database,Igs2FdXalrEFI8rQxhEe9Q==,2023-03-13T08:55:06.000,JRORSTG,JRORSTG,MySQL Database 19c Enterprise Edition Release 19.0.0.0.0 - Production,or1sam171.corp.vinsys.com,JRORSTG1,2023-01-10T22:56:10.000,NO,ARCHIVELOG,NO,TEMP,AL32UTF8,AL16UTF16,-2,2020-06-23T06:51:10.000,MySQL Database 19c,Enterprise Edition,19.0.0.0.0,1,Production,IMPLICIT,JRORSTG,JRORSTG
sj1dra375.corp.vinsys.com,ACISTG,MySQL_database,E0gxwguPMTUDmLitHSH1Yg==,2023-03-13T11:55:06.000,ACISTG,ACISTG,MySQL Database 19c Enterprise Edition Release 19.0.0.0.0 - Production,sj1dra375.corp.vinsys.com,ACISTG,2023-02-23T20:38:19.000,NO,ARCHIVELOG,NO,TEMP,AL32UTF8,AL16UTF16,-2,2020-04-23T07:24:47.000,MySQL Database 19c,Enterprise Edition,19.0.0.0.0,1,Production,NO,ACISTG,ACISTG
sj1pam017.corp.vinsys.com,BSTSJPRD_BSTSJPRD2,MySQL_database,3VNJkrhZQLrgU6W1MgrwPg==,2023-03-13T23:36:45.000,BSTSJPRD,BSTSJPRD,MySQL Database 19c Enterprise Edition Release 19.0.0.0.0 - Production,sj1pam017,BSTSJPRD2,2023-01-21T00:11:42.000,NO,ARCHIVELOG,NO,TEMP,AL32UTF8,AL16UTF16,-2,2020-10-04T05:40:29.000,MySQL Database 19c,Enterprise Edition,19.0.0.0.0,1,Production,NO,BSTSJPRD,BSTSJPRD
or1pam120.corp.vinsys.com,MFTORPRD_MFTORPRD2,MySQL_database,Za+JjJA3lEWma0je+guBmg==,2023-03-14T01:56:45.000,MFTORPRD,MFTORPRD,MySQL Database 19c Enterprise Edition Release 19.0.0.0.0 - Production,or1pam120.corp.vinsys.com,MFTORPRD2,2023-01-20T23:28:40.000,NO,ARCHIVELOG,NO,TEMP,AL32UTF8,AL16UTF16,-2,2020-10-10T03:58:00.000,MySQL Database 19c,Enterprise Edition,19.0.0.0.0,1,Production,NO,MFTORPRD,MFTORPRD
or1pam121.corp.vinsys.com,WOIORPRD_WOIORPRD1,MySQL_database,fOOndYs6LJmVsEYWgW5SjQ==,2023-03-13T08:09:50.000,WOIORPRD,WOIORPRD,MySQL Database 19c Enterprise Edition Release 19.0.0.0.0 - Production,or1pam121.corp.vinsys.com,WOIORPRD1,2023-01-20T21:37:39.000,NO,ARCHIVELOG,NO,TEMP,AL32UTF8,AL16UTF16,-2,2020-06-30T03:00:35.000,MySQL Database 19c,Enterprise Edition,19.0.0.0.0,1,Production,NO,WOIORPRD,WOIORPRD
du1dra001.corp.vinsys.com,EBKEUPRD,MySQL_database,e2K0hamoFKxaHF7QLbGu4w==,2023-03-13T16:38:40.000,EBKEUPRD,EBKEUPRD,MySQL Database 19c Enterprise Edition Release 19.0.0.0.0 - Production,du1dra001.corp.vinsys.com,EBKEUPRD,2022-11-05T07:54:43.000,NO,ARCHIVELOG,NO,TEMP,AL32UTF8,AL16UTF16,-2,2020-07-18T08:57:51.000,MySQL Database 19c,Enterprise Edition,19.0.0.0.0,1,Production,NO,EBKEUPRD,EBKEUPRD
sj1sam018.corp.vinsys.com,CTSJSTD_CTSJSTD2,MySQL_database,NTRrCEzv/6gJplQj4WN4Bg==,2021-06-27T18:09:07.000,CTORSTG,CTORSTG,MySQL Database 19c Enterprise Edition Release 19.0.0.0.0 - Production,sj1sam018,CTSJSTD2,2021-06-16T02:14:51.000,NO,ARCHIVELOG,NO,TEMP,AL32UTF8,AL16UTF16,-2,2021-05-19T02:15:10.000,MySQL Database 19c,Enterprise Edition,19.0.0.0.0,1,Production,NO,CTSJSTD,CTORSTG
or1sam170.corp.vinsys.com,WBPORDEV,MySQL_database,yCMWecIISZ4QmTXAfq12/w==,2023-03-13T19:14:17.000,WBPORDEV,WBPORDEV,MySQL Database 19c Enterprise Edition Release 19.0.0.0.0 - Production,or1sam170.corp.vinsys.com,WBPORDEV,2022-12-14T02:47:30.000,NO,ARCHIVELOG,NO,TEMP,AL32UTF8,AL16UTF16,-2,2020-05-08T03:56:52.000,MySQL Database 19c,Enterprise Edition,19.0.0.0.0,1,Production,NO,WBPORDEV,WBPORDEV
or1sam169.corp.vinsys.com,WOCORQA,MySQL_database,eDdYrJs7C5Cn6BA7YiWMoA==,2023-03-13T10:22:45.000,WOCORQA,WOCORQA,MySQL Database 19c Enterprise Edition Release 19.0.0.0.0 - Production,or1sam169.corp.vinsys.com,WOCORQA,2022-12-14T02:47:55.000,NO,ARCHIVELOG,NO,TEMP,AL32UTF8,AL16UTF16,-2,2020-08-03T02:08:04.000,MySQL Database 19c,Enterprise Edition,19.0.0.0.0,1,Production,NO,WOCORQA,WOCORQA
sj1sam018.corp.vinsys.com,CT2SJSTG_CT2SJSTG2,MySQL_database,LvDB34917b7tlL/MO1hxMw==,2023-03-13T19:30:14.000,CT2SJSTG,CT2SJSTG,MySQL Database 19c Enterprise Edition Release 19.0.0.0.0 - Production,sj1sam018,CT2SJSTG2,2023-01-11T01:33:26.000,NO,ARCHIVELOG,NO,TEMP,AL32UTF8,AL16UTF16,-2,2021-05-19T05:23:06.000,MySQL Database 19c,Enterprise Edition,19.0.0.0.0,1,Production,NO,CT2SJSTG,CT2SJSTG
or1sam176.corp.vinsys.com,OPMORSTG_OPMORSTG2,MySQL_database,vVT2sTEJyQLgU6W1MgqX+Q==,2023-03-13T23:08:35.000,OPMORSTG,OPMORSTG,MySQL Database 19c Enterprise Edition Release 19.0.0.0.0 - Production,or1sam176.corp.vinsys.com,OPMORSTG2,2023-01-11T01:33:28.000,NO,ARCHIVELOG,NO,TEMP,AL32UTF8,AL16UTF16,-2,2020-05-05T03:39:14.000,MySQL Database 19c,Enterprise Edition,19.0.0.0.0,1,Production,NO,OPMORSTG,OPMORSTG
or1sam168.corp.vinsys.com,CRORQA,MySQL_database,g2bgIeTfm4F+3N/cMWO5Tg==,2023-03-13T16:58:58.000,CRORQA,CRORQA,MySQL Database 19c Enterprise Edition Release 19.0.0.0.0 - Production,or1sam168.corp.vinsys.com,CRORQA,2022-12-14T02:36:10.000,NO,ARCHIVELOG,NO,TEMP,AL32UTF8,AL16UTF16,-2,2020-04-28T00:48:32.000,MySQL Database 19c,Enterprise Edition,19.0.0.0.0,1,Production,NO,CRORQA,CRORQA
or1sam168.corp.vinsys.com,ENRORDEV,MySQL_database,IFwe8tFFJyr3LBNSc307jg==,2023-03-14T03:12:55.000,ENRORDEV,ENRORDEV,MySQL Database 19c Enterprise Edition Release 19.0.0.0.0 - Production,or1sam168.corp.vinsys.com,ENRORDEV,2022-12-14T02:36:10.000,NO,ARCHIVELOG,NO,TEMP,AL32UTF8,AL16UTF16,-2,2020-04-08T10:19:12.000,MySQL Database 19c,Enterprise Edition,19.0.0.0.0,1,Production,NO,ENRORDEV,ENRORDEV
or1sam169.corp.vinsys.com,OEMSTG,MySQL_database,vsMFtHunaOm81JTl6VdVfQ==,2023-03-13T09:56:45.000,OEMSTG,OEMSTG,MySQL Database 19c Enterprise Edition Release 19.0.0.0.0 - Production,or1sam169.corp.vinsys.com,OEMSTG,2022-12-14T02:47:55.000,NO,ARCHIVELOG,NO,TEMP,AL32UTF8,AL16UTF16,-2,2020-12-21T01:28:26.000,MySQL Database 19c,Enterprise Edition,19.0.0.0.0,1,Production,NO,OEMSTG,OEMSTG
or1sam170.corp.vinsys.com,OPMORDEV,MySQL_database,G5k/bytKqofzxgSadZ0p/w==,2023-03-13T11:51:30.000,OPMORDEV,OPMORDEV,MySQL Database 19c Enterprise Edition Release 19.0.0.0.0 - Production,or1sam170.corp.vinsys.com,OPMORDEV,2022-12-14T02:47:30.000,NO,ARCHIVELOG,NO,TEMP,AL32UTF8,AL16UTF16,-2,2020-04-05T06:08:17.000,MySQL Database 19c,Enterprise Edition,19.0.0.0.0,1,Production,NO,OPMORDEV,OPMORDEV
or1sam175.corp.vinsys.com,WMORSTG_WMORSTG1_1,MySQL_database,oAHEQi2pI2p9wX75j6g02g==,2023-03-13T09:55:07.000,WMORSTG,WMORSTG,MySQL Database 19c Enterprise Edition Release 19.0.0.0.0 - Production,or1sam175.corp.vinsys.com,WMORSTG1,2023-01-10T22:59:41.000,NO,ARCHIVELOG,NO,TEMP,AL32UTF8,AL16UTF16,-2,2021-04-23T01:11:22.000,MySQL Database 19c,Enterprise Edition,19.0.0.0.0,1,Production,NO,WMORSTG,WMORSTG
or1sam176.corp.vinsys.com,MFTORSTG_MFTORSTG2,MySQL_database,vVT2sTEIyQLgU6W1MgqX+Q==,2023-03-14T04:12:58.000,MFTORSTG,MFTORSTG,MySQL Database 19c Enterprise Edition Release 19.0.0.0.0 - Production,or1sam176.corp.vinsys.com,MFTORSTG2,2023-01-11T01:33:28.000,NO,ARCHIVELOG,NO,TEMP,AL32UTF8,AL16UTF16,-2,2020-08-05T01:25:17.000,MySQL Database 19c,Enterprise Edition,19.0.0.0.0,1,Production,NO,MFTORSTG,MFTORSTG
or1sam171.corp.vinsys.com,ENRORSTG_ENRORSTG1,MySQL_database,vZp1KGMAXAW+6vMG6mSwjw==,2023-03-13T16:46:50.000,ENRORSTG,ENRORSTG,MySQL Database 19c Enterprise Edition Release 19.0.0.0.0 - Production,or1sam171.corp.vinsys.com,ENRORSTG1,2023-01-10T22:56:10.000,NO,ARCHIVELOG,NO,TEMP,AL32UTF8,AL16UTF16,-2,2020-04-17T06:32:12.000,MySQL Database 19c,Enterprise Edition,19.0.0.0.0,1,Production,NO,ENRORSTG,ENRORSTG
oemprod,OEMPRD,MySQL_database,dR/9bhYYoC3lIQAO5kGgwg==,2023-03-14T01:04:45.000,OEMPRD,OEMPRD,MySQL Database 19c Enterprise Edition Release 19.0.0.0.0 - Production,or1dra958.corp.vinsys.com,OEMPRD,2022-11-05T07:47:03.000,NO,ARCHIVELOG,NO,TEMP,AL32UTF8,AL16UTF16,-2,2021-02-23T16:16:11.000,MySQL Database 19c,Enterprise Edition,19.0.0.0.0,1,Production,NO,OEMPRD,OEMPRD
or1sam177.corp.vinsys.com,WDCORSTG_WDCORSTG1,MySQL_database,BtesZQsrk9crnA1Rt5aJeA==,2023-03-14T00:33:52.000,WDCORSTG,WDCORSTG,MySQL Database 12c Enterprise Edition Release 12.2.0.1.0 - 64bit Production,or1sam177.corp.vinsys.com,WDCORSTG1,2023-01-10T23:04:50.000,NO,ARCHIVELOG,NO,TEMP,AL32UTF8,AL16UTF16,-2,2021-07-28T12:45:23.000,MySQL Database 12c,Enterprise Edition,12.2.0.1.0,1,Production,NO,WDCORSTG,WDCORSTG
or1sam172.corp.vinsys.com,JRORSTG_JRORSTG2,MySQL_database,D/i+G1lXaWAAmLHojfG05w==,2023-03-13T19:38:50.000,JRORSTG,JRORSTG,MySQL Database 19c Enterprise Edition Release 19.0.0.0.0 - Production,or1sam172.corp.vinsys.com,JRORSTG2,2023-01-11T01:33:04.000,NO,ARCHIVELOG,NO,TEMP,AL32UTF8,AL16UTF16,-2,2020-06-23T06:51:10.000,MySQL Database 19c,Enterprise Edition,19.0.0.0.0,1,Production,IMPLICIT,JRORSTG,JRORSTG
or1sam175.corp.vinsys.com,CTORSTG_CTORSTG1_1,MySQL_database,Kk8wWbi92u2fymvzGHRKDg==,2023-03-13T21:50:40.000,CTORSTG,CTORSTG,MySQL Database 19c Enterprise Edition Release 19.0.0.0.0 - Production,or1sam175.corp.vinsys.com,CTORSTG1,2023-01-10T22:59:41.000,NO,ARCHIVELOG,NO,TEMP,AL32UTF8,AL16UTF16,-2,2021-05-19T02:15:10.000,MySQL Database 19c,Enterprise Edition,19.0.0.0.0,1,Production,NO,CTORSTG,CTORSTG
or1sam176.corp.vinsys.com,WORORSTG_WORORSTG2,MySQL_database,vVT2sTEMyQLgU6W1MgqX+Q==,2023-03-13T17:34:07.000,WORORSTG,WORORSTG,MySQL Database 19c Enterprise Edition Release 19.0.0.0.0 - Production,or1sam176.corp.vinsys.com,WORORSTG2,2023-01-11T01:33:28.000,NO,ARCHIVELOG,NO,TEMP,AL32UTF8,AL16UTF16,-2,2020-04-22T15:08:36.000,MySQL Database 19c,Enterprise Edition,19.0.0.0.0,1,Production,NO,WORORSTG,WORORSTG
or1pam120.corp.vinsys.com,SQCORPRD_SQCORPRD2,MySQL_database,2zkCwivGKa0uoAI2/JevBQ==,2023-03-13T21:23:18.000,SQCORPRD,SQCORPRD,MySQL Database 19c Enterprise Edition Release 19.0.0.0.0 - Production,or1pam120.corp.vinsys.com,SQCORPRD2,2023-02-06T08:29:23.000,NO,ARCHIVELOG,NO,TEMP,AL32UTF8,AL16UTF16,-2,2020-07-27T15:11:38.000,MySQL Database 19c,Enterprise Edition,19.0.0.0.0,1,Production,NO,SQCORPRD,SQCORPRD
or1pam119.corp.vinsys.com,SQCORPRD_SQCORPRD1,MySQL_database,Q6JJT94rqdmwxCKLi20XUw==,2023-03-14T00:36:10.000,SQCORPRD,SQCORPRD,MySQL Database 19c Enterprise Edition Release 19.0.0.0.0 - Production,or1pam119.corp.vinsys.com,SQCORPRD1,2023-02-06T08:07:20.000,NO,ARCHIVELOG,NO,TEMP,AL32UTF8,AL16UTF16,-2,2020-07-27T15:11:38.000,MySQL Database 19c,Enterprise Edition,19.0.0.0.0,1,Production,NO,SQCORPRD,SQCORPRD
or1pam117.corp.vinsys.com,EBORPRD_EBORPRD1,MySQL_database,xXByJ+Y5lgHgU6W1MgpXWg==,2023-03-13T11:22:21.000,EBORPRD,EBORPRD,MySQL Database 19c Enterprise Edition Release 19.0.0.0.0 - Production,or1pam117.corp.vinsys.com,EBORPRD1,2023-01-20T21:33:52.000,NO,ARCHIVELOG,NO,TEMP,AL32UTF8,AL16UTF16,-2,2020-07-01T04:23:56.000,MySQL Database 19c,Enterprise Edition,19.0.0.0.0,1,Production,NO,EBORPRD,EBORPRD
or1pam115.corp.vinsys.com,EMCORPRD_EMCORPRD1,MySQL_database,EfZg7S9NNyngxqT4ywIs0Q==,2023-03-13T11:47:28.000,EMCORPRD,EMCORPRD,MySQL Database 19c Enterprise Edition Release 19.0.0.0.0 - Production,or1pam115.corp.vinsys.com,EMCORPRD1,2023-01-20T21:35:44.000,NO,ARCHIVELOG,NO,TEMP,AL32UTF8,AL16UTF16,-2,2020-05-13T21:55:56.000,MySQL Database 19c,Enterprise Edition,19.0.0.0.0,1,Production,NO,EMCORPRD,EMCORPRD
or1pam116.corp.vinsys.com,JRORPRD_JRORPRD2,MySQL_database,yOjY2h/Xt3lskf8xtt7aqQ==,2023-03-13T12:55:25.000,JRORPRD,JRORPRD,MySQL Database 19c Enterprise Edition Release 19.0.0.0.0 - Production,or1pam116.corp.vinsys.com,JRORPRD2,2023-01-20T23:29:04.000,NO,ARCHIVELOG,NO,TEMP,AL32UTF8,AL16UTF16,-2,2020-11-02T00:45:40.000,MySQL Database 19c,Enterprise Edition,19.0.0.0.0,1,Production,IMPLICIT,JRORPRD,JRORPRD
no1dra042.corp.vinsys.com,DASNOPRD_DASNOPRD,MySQL_database,zNdzfyb4ic87DomKb00Sxg==,2023-03-14T02:39:00.000,DASNOPRD,DASNOPRD,MySQL Database 19c Enterprise Edition Release 19.0.0.0.0 - Production,no1dra042.corp.vinsys.com,DASNOPRD,2022-09-21T07:04:16.000,NO,ARCHIVELOG,NO,TEMP,AL32UTF8,AL16UTF16,-2,2020-07-13T06:31:27.000,MySQL Database 19c,Enterprise Edition,19.0.0.0.0,1,Production,NO,DASNOPRD,DASNOPRD
or1pam115.corp.vinsys.com,CRORPRD_CRORPRD1,MySQL_database,xOA1EbxsgyvgU6W1MgqYhw==,2023-03-13T13:30:58.000,CRORPRD,CRORPRD,MySQL Database 19c Enterprise Edition Release 19.0.0.0.0 - Production,or1pam115.corp.vinsys.com,CRORPRD1,2023-01-20T21:35:44.000,NO,ARCHIVELOG,NO,TEMP,AL32UTF8,AL16UTF16,-2,2020-09-01T03:05:44.000,MySQL Database 19c,Enterprise Edition,19.0.0.0.0,1,Production,NO,CRORPRD,CRORPRD
or1pam117.corp.vinsys.com,WORORPRD_WORORPRD1,MySQL_database,E2/3d0eRYD3D2Sa/7LZX+A==,2023-03-13T14:20:41.000,WORORPRD,WORORPRD,MySQL Database 19c Enterprise Edition Release 19.0.0.0.0 - Production,or1pam117.corp.vinsys.com,WORORPRD1,2023-01-20T21:33:52.000,NO,ARCHIVELOG,NO,TEMP,AL32UTF8,AL16UTF16,-2,2020-07-07T04:30:46.000,MySQL Database 19c,Enterprise Edition,19.0.0.0.0,1,Production,NO,WORORPRD,WORORPRD
or1pam120.corp.vinsys.com,MDMORPRD_MDMORPRD2_1,MySQL_database,kSaQsNa3aszqpjzTRsxlJA==,2023-03-13T21:10:24.000,MDMORPRD,MDMORPRD,MySQL Database 12c Enterprise Edition Release 12.2.0.1.0 - 64bit Production,or1pam120.corp.vinsys.com,MDMORPRD2,2023-01-20T23:28:45.000,NO,ARCHIVELOG,NO,TEMP,AL32UTF8,AL16UTF16,-2,2021-06-21T04:44:21.000,MySQL Database 12c,Enterprise Edition,12.2.0.1.0,1,Production,NO,MDMORPRD,MDMORPRD
sj1pam015.corp.vinsys.com,WEMARCPD,MySQL_database,JBND2GPm5xt05G/BlikkvA==,2023-03-13T21:56:45.000,WEMARCPD,WEMARCPD,MySQL Database 19c Enterprise Edition Release 19.0.0.0.0 - Production,sj1pam015.corp.vinsys.com,WEMARCPD,2023-01-20T21:44:13.000,NO,ARCHIVELOG,NO,TEMP,AL32UTF8,AL16UTF16,-2,2021-10-04T14:20:17.000,MySQL Database 19c,Enterprise Edition,19.0.0.0.0,1,Production,NO,WEMARCPD,WEMARCPD
or1pam117.corp.vinsys.com,OPMORPRD_OPMORPRD1,MySQL_database,FBI/DGDH00oepLUyDir6Mg==,2023-03-13T22:08:34.000,OPMORPRD,OPMORPRD,MySQL Database 19c Enterprise Edition Release 19.0.0.0.0 - Production,or1pam117.corp.vinsys.com,OPMORPRD1,2023-01-20T21:33:52.000,NO,ARCHIVELOG,NO,TEMP,AL32UTF8,AL16UTF16,-2,2020-07-15T03:13:12.000,MySQL Database 19c,Enterprise Edition,19.0.0.0.0,1,Production,NO,OPMORPRD,OPMORPRD
or1pam117.corp.vinsys.com,WMORPRD_WMORPRD11,MySQL_database,NNK0Urjqgy+4fHmLn7qEuA==,2023-03-13T22:31:15.000,WMORPRD,WMORPRD,MySQL Database 19c Enterprise Edition Release 19.0.0.0.0 - Production,or1pam117.corp.vinsys.com,WMORPRD1,2023-01-20T21:33:52.000,NO,ARCHIVELOG,NO,TEMP,AL32UTF8,AL16UTF16,-2,2021-07-13T00:48:48.000,MySQL Database 19c,Enterprise Edition,19.0.0.0.0,1,Production,NO,WMORPRD,WMORPRD
sj1dra724.corp.vinsys.com,sj1dra724_ACIPRD,MySQL_database,bM4ZCcm5B7AissAGUUwdAQ==,2023-03-14T04:49:33.000,ACIPRD,ACIPRD,MySQL Database 19c Enterprise Edition Release 19.0.0.0.0 - Production,sj1dra724.corp.vinsys.com,ACIPRD,2023-02-23T07:52:21.000,NO,ARCHIVELOG,NO,TEMP,AL32UTF8,AL16UTF16,-2,2022-03-09T17:26:54.000,MySQL Database 19c,Enterprise Edition,19.0.0.0.0,1,Production,NO,ACIPRD,ACIPRD
or1sam169.corp.vinsys.com,WMORDEV,MySQL_database,oZs0Z1RLifnDbY1ggpaI6Q==,2023-03-13T13:43:02.000,WMORDEV,WMORDEV,MySQL Database 19c Enterprise Edition Release 19.0.0.0.0 - Production,or1sam169.corp.vinsys.com,WMORDEV,2022-12-14T02:47:55.000,NO,ARCHIVELOG,NO,TEMP,AL32UTF8,AL16UTF16,-2,2020-03-28T06:11:03.000,MySQL Database 19c,Enterprise Edition,19.0.0.0.0,1,Production,NO,WMORDEV,WMORDEV
or1sam170.corp.vinsys.com,WOIORDEV,MySQL_database,9ATkZ6AjMqG1REhXUcn/ig==,2023-03-13T15:07:33.000,WOIORDEV,WOIORDEV,MySQL Database 19c Enterprise Edition Release 19.0.0.0.0 - Production,or1sam170.corp.vinsys.com,WOIORDEV,2022-12-14T02:47:30.000,NO,ARCHIVELOG,NO,TEMP,AL32UTF8,AL16UTF16,-2,2020-04-22T13:26:14.000,MySQL Database 19c,Enterprise Edition,19.0.0.0.0,1,Production,NO,WOIORDEV,WOIORDEV
or1sam175.corp.vinsys.com,MFTORSTG_MFTORSTG1,MySQL_database,ov2y9ENQjban9Oo+zg1qFA==,2023-03-13T19:35:51.000,MFTORSTG,MFTORSTG,MySQL Database 19c Enterprise Edition Release 19.0.0.0.0 - Production,or1sam175.corp.vinsys.com,MFTORSTG1,2023-01-10T22:59:41.000,NO,ARCHIVELOG,NO,TEMP,AL32UTF8,AL16UTF16,-2,2020-08-05T01:25:17.000,MySQL Database 19c,Enterprise Edition,19.0.0.0.0,1,Production,NO,MFTORSTG,MFTORSTG
or1sam175.corp.vinsys.com,TIDORSTG_TIDORSTG1,MySQL_database,vKlmS7INVxqGz5u2CCbd8g==,2023-03-14T00:31:31.000,TIDORSTG,TIDORSTG,MySQL Database 19c Enterprise Edition Release 19.0.0.0.0 - Production,or1sam175.corp.vinsys.com,TIDORSTG1,2023-01-10T22:59:41.000,NO,ARCHIVELOG,NO,TEMP,AL32UTF8,AL16UTF16,-2,2020-08-18T04:14:55.000,MySQL Database 19c,Enterprise Edition,19.0.0.0.0,1,Production,NO,TIDORSTG,TIDORSTG
or1sam173.corp.vinsys.com,WBPORSTG_WBPORSTG1,MySQL_database,7yVCvhQhHsTgU6W1MgqBEQ==,2023-03-13T17:08:56.000,WBPORSTG,WBPORSTG,MySQL Database 19c Enterprise Edition Release 19.0.0.0.0 - Production,or1sam173.corp.vinsys.com,WBPORSTG1,2023-01-10T22:56:19.000,NO,ARCHIVELOG,NO,TEMP,AL32UTF8,AL16UTF16,-2,2020-06-03T01:55:57.000,MySQL Database 19c,Enterprise Edition,19.0.0.0.0,1,Production,NO,WBPORSTG,WBPORSTG
or1sam176.corp.vinsys.com,WMORSTG_WMORSTG2_1,MySQL_database,ccQYEEOXmkCsWMC4mP9siA==,2023-03-13T18:00:17.000,WMORSTG,WMORSTG,MySQL Database 19c Enterprise Edition Release 19.0.0.0.0 - Production,or1sam176.corp.vinsys.com,WMORSTG2,2023-01-11T01:33:28.000,NO,ARCHIVELOG,NO,TEMP,AL32UTF8,AL16UTF16,-2,2021-04-23T01:11:22.000,MySQL Database 19c,Enterprise Edition,19.0.0.0.0,1,Production,NO,WMORSTG,WMORSTG
or1sam176.corp.vinsys.com,EBORSTG_EBORSTG2,MySQL_database,vVT2sTEHyQLgU6W1MgqX+Q==,2023-03-13T17:33:53.000,EBORSTG,EBORSTG,MySQL Database 19c Enterprise Edition Release 19.0.0.0.0 - Production,or1sam176.corp.vinsys.com,EBORSTG2,2023-01-11T01:33:28.000,NO,ARCHIVELOG,NO,TEMP,AL32UTF8,AL16UTF16,-2,2020-05-11T02:14:47.000,MySQL Database 19c,Enterprise Edition,19.0.0.0.0,1,Production,NO,EBORSTG,EBORSTG
or1sam173.corp.vinsys.com,WOIORSTG_WOIORSTG1,MySQL_database,72FkrN3oshvgU6W1MgoWBg==,2023-03-13T21:09:08.000,WOIORSTG,WOIORSTG,MySQL Database 19c Enterprise Edition Release 19.0.0.0.0 - Production,or1sam173.corp.vinsys.com,WOIORSTG1,2023-01-10T22:56:19.000,NO,ARCHIVELOG,NO,TEMP,AL32UTF8,AL16UTF16,-2,2020-06-24T02:57:42.000,MySQL Database 19c,Enterprise Edition,19.0.0.0.0,1,Production,NO,WOIORSTG,WOIORSTG
or1sam178.corp.vinsys.com,EAGORSTG_EAGORSTG2,MySQL_database,dbNnfqzUrdQX++8+pkJnyQ==,2023-03-13T16:24:42.000,EAGORSTG,EAGORSTG,MySQL Database 19c Enterprise Edition Release 19.0.0.0.0 - Production,or1sam178.corp.vinsys.com,EAGORSTG2,2023-01-11T01:33:24.000,NO,ARCHIVELOG,NO,TEMP,AL32UTF8,AL16UTF16,-2,2020-05-09T07:27:03.000,MySQL Database 19c,Enterprise Edition,19.0.0.0.0,1,Production,NO,EAGORSTG,EAGORSTG
or1sam178.corp.vinsys.com,WDCORSTG_WDCORSTG2,MySQL_database,iF6/zDI04PknFFthmDrW8A==,2023-03-13T18:05:48.000,WDCORSTG,WDCORSTG,MySQL Database 12c Enterprise Edition Release 12.2.0.1.0 - 64bit Production,or1sam178.corp.vinsys.com,WDCORSTG2,2023-01-11T01:33:27.000,NO,ARCHIVELOG,NO,TEMP,AL32UTF8,AL16UTF16,-2,2021-07-28T12:45:23.000,MySQL Database 12c,Enterprise Edition,12.2.0.1.0,1,Production,NO,WDCORSTG,WDCORSTG
or1sam175.corp.vinsys.com,CT2ORSTG_CT2ORSTG1,MySQL_database,sKAwjvJ3BCXYjUqjm5XHWQ==,2023-03-13T09:43:26.000,CT2ORSTG,CT2ORSTG,MySQL Database 19c Enterprise Edition Release 19.0.0.0.0 - Production,or1sam175.corp.vinsys.com,CT2ORSTG1,2023-01-10T22:59:41.000,NO,ARCHIVELOG,NO,TEMP,AL32UTF8,AL16UTF16,-2,2021-02-16T04:04:53.000,MySQL Database 19c,Enterprise Edition,19.0.0.0.0,1,Production,NO,CT2ORSTG,CT2ORSTG
or1sam175.corp.vinsys.com,OPMORSTG_OPMORSTG1,MySQL_database,h0NmWRKvNd761FJDo8tQ4Q==,2023-03-13T19:13:36.000,OPMORSTG,OPMORSTG,MySQL Database 19c Enterprise Edition Release 19.0.0.0.0 - Production,or1sam175.corp.vinsys.com,OPMORSTG1,2023-01-10T22:59:41.000,NO,ARCHIVELOG,NO,TEMP,AL32UTF8,AL16UTF16,-2,2020-05-05T03:39:14.000,MySQL Database 19c,Enterprise Edition,19.0.0.0.0,1,Production,NO,OPMORSTG,OPMORSTG
or1pam118.corp.vinsys.com,WMORPRD_WMORPRD21,MySQL_database,XIn4LkU+g8b3THFIYOEmeg==,2023-03-13T10:19:06.000,WMORPRD,WMORPRD,MySQL Database 19c Enterprise Edition Release 19.0.0.0.0 - Production,or1pam118.corp.vinsys.com,WMORPRD2,2023-01-20T23:22:11.000,NO,ARCHIVELOG,NO,TEMP,AL32UTF8,AL16UTF16,-2,2021-07-13T00:48:48.000,MySQL Database 19c,Enterprise Edition,19.0.0.0.0,1,Production,NO,WMORPRD,WMORPRD
sj1pam015.corp.vinsys.com,WEMSJPRD,MySQL_database,5Zzi27xqaoaHyHuxi8dYlg==,2023-03-13T16:31:38.000,WEMSJPRD,WEMSJPRD,MySQL Database 19c Enterprise Edition Release 19.0.0.0.0 - Production,sj1pam015.corp.vinsys.com,WEMSJPRD,2023-01-20T21:44:13.000,NO,ARCHIVELOG,NO,TEMP,AL32UTF8,AL16UTF16,-2,2021-10-11T23:39:13.000,MySQL Database 19c,Enterprise Edition,19.0.0.0.0,1,Production,NO,WEMSJPRD,WEMSJPRD
or1pam117.corp.vinsys.com,CTORPRD_CTORPRD1_1,MySQL_database,1cJdZSW6/4TgU6W1MgpLqA==,2023-03-13T23:51:11.000,CTORPRD,CTORPRD,MySQL Database 19c Enterprise Edition Release 19.0.0.0.0 - Production,or1pam117.corp.vinsys.com,CTORPRD1,2023-01-20T21:33:52.000,NO,ARCHIVELOG,NO,TEMP,AL32UTF8,AL16UTF16,-2,2021-08-09T07:58:41.000,MySQL Database 19c,Enterprise Edition,19.0.0.0.0,1,Production,NO,CTORPRD,CTORPRD
or1pam117.corp.vinsys.com,TIDORPRD_TIDORPRD1,MySQL_database,1LH9eLW+anRF/Tllfoywvw==,2023-03-14T00:30:17.000,TIDORPRD,TIDORPRD,MySQL Database 19c Enterprise Edition Release 19.0.0.0.0 - Production,or1pam117.corp.vinsys.com,TIDORPRD1,2023-01-20T21:33:52.000,NO,ARCHIVELOG,NO,TEMP,AL32UTF8,AL16UTF16,-2,2020-09-24T12:19:07.000,MySQL Database 19c,Enterprise Edition,19.0.0.0.0,1,Production,NO,TIDORPRD,TIDORPRD
or1pam119.corp.vinsys.com,MFTORPRD_MFTORPRD1,MySQL_database,M3sJRtEwS1zxa8cM5PjfzA==,2023-03-14T00:33:41.000,MFTORPRD,MFTORPRD,MySQL Database 19c Enterprise Edition Release 19.0.0.0.0 - Production,or1pam119.corp.vinsys.com,MFTORPRD1,2023-01-20T21:35:31.000,NO,ARCHIVELOG,NO,TEMP,AL32UTF8,AL16UTF16,-2,2020-10-10T03:58:00.000,MySQL Database 19c,Enterprise Edition,19.0.0.0.0,1,Production,NO,MFTORPRD,MFTORPRD
or1pam118.corp.vinsys.com,CT2ORPRD_CT2ORPRD2_1,MySQL_database,smWPvqmZTAY4XTHRWZbQnQ==,2023-03-14T00:56:09.000,CT2ORPRD,CT2ORPRD,MySQL Database 19c Enterprise Edition Release 19.0.0.0.0 - Production,or1pam118.corp.vinsys.com,CT2ORPRD2,2023-01-20T23:22:11.000,NO,ARCHIVELOG,NO,TEMP,AL32UTF8,AL16UTF16,-2,2021-08-09T09:28:24.000,MySQL Database 19c,Enterprise Edition,19.0.0.0.0,1,Production,NO,CT2ORPRD,CT2ORPRD
sj1pam017.corp.vinsys.com,CT2SJPRD_CT2SJPRD2,MySQL_database,3VNJkrhaQLrgU6W1MgrwPg==,2023-03-14T02:09:36.000,CT2SJPRD,CT2SJPRD,MySQL Database 19c Enterprise Edition Release 19.0.0.0.0 - Production,sj1pam017,CT2SJPRD2,2023-01-21T00:11:42.000,NO,ARCHIVELOG,NO,TEMP,AL32UTF8,AL16UTF16,-2,2021-08-10T04:24:54.000,MySQL Database 19c,Enterprise Edition,19.0.0.0.0,1,Production,NO,CT2SJPRD,CT2SJPRD
or1pam120.corp.vinsys.com,EAGORPRD_EAGORPRD2,MySQL_database,kPP3lcHpgH6cYTsAfIHBTQ==,2023-03-14T02:29:15.000,EAGORPRD,EAGORPRD,MySQL Database 19c Enterprise Edition Release 19.0.0.0.0 - Production,or1pam120.corp.vinsys.com,EAGORPRD2,2023-01-20T23:28:40.000,NO,ARCHIVELOG,NO,TEMP,AL32UTF8,AL16UTF16,-2,2020-05-09T09:53:50.000,MySQL Database 19c,Enterprise Edition,19.0.0.0.0,1,Production,NO,EAGORPRD,EAGORPRD
sj1pam016.corp.vinsys.com,BSTSJPRD_BSTSJPRD1,MySQL_database,3VOh9rvbrRzgU6W1MgqqJg==,2023-03-14T03:13:56.000,BSTSJPRD,BSTSJPRD,MySQL Database 19c Enterprise Edition Release 19.0.0.0.0 - Production,sj1pam016,BSTSJPRD1,2023-01-20T21:38:37.000,NO,ARCHIVELOG,NO,TEMP,AL32UTF8,AL16UTF16,-2,2020-10-04T05:40:29.000,MySQL Database 19c,Enterprise Edition,19.0.0.0.0,1,Production,NO,BSTSJPRD,BSTSJPRD
or1pam120.corp.vinsys.com,WDCORPRD_WDCORPRD2,MySQL_database,80L9o1pXvr2s6w8hRtNqTQ==,2023-03-14T03:38:25.000,WDCORPRD,WDCORPRD,MySQL Database 12c Enterprise Edition Release 12.2.0.1.0 - 64bit Production,or1pam120.corp.vinsys.com,WDCORPRD2,2023-01-20T23:28:45.000,NO,ARCHIVELOG,NO,TEMP,AL32UTF8,AL16UTF16,-2,2021-08-18T07:20:34.000,MySQL Database 12c,Enterprise Edition,12.2.0.1.0,1,Production,NO,WDCORPRD,WDCORPRD
or1pam121.corp.vinsys.com,DAASORPB_DAASORPB1_1,MySQL_database,B4bEthDroP/YHs5JBIF4hQ==,2023-03-14T03:45:09.000,DAASORPB,DAASORPB,MySQL Database 19c Enterprise Edition Release 19.0.0.0.0 - Production,or1pam121.corp.vinsys.com,DAASORPB1,2023-01-20T21:37:39.000,NO,ARCHIVELOG,NO,TEMP,AL32UTF8,AL16UTF16,-2,2020-06-24T06:27:41.000,MySQL Database 19c,Enterprise Edition,19.0.0.0.0,1,Production,NO,DAASORPB,DAASORPB
or1pam122.corp.vinsys.com,DAASORIN_DAASORIN2_1,MySQL_database,phwMoYOErNEiVToXTrSF7w==,2023-03-14T04:59:13.000,DAASORIN,DAASORIN,MySQL Database 19c Enterprise Edition Release 19.0.0.0.0 - Production,or1pam122.corp.vinsys.com,DAASORIN2,2023-01-20T23:25:14.000,NO,ARCHIVELOG,NO,TEMP,AL32UTF8,AL16UTF16,-2,2020-06-24T04:24:16.000,MySQL Database 19c,Enterprise Edition,19.0.0.0.0,1,Production,NO,DAASORIN,DAASORIN
or1pam117.corp.vinsys.com,CT2ORPRD_CT2ORPRD1_1,MySQL_database,57Tc4NoSYKkibH9awttL0g==,2023-03-14T05:29:35.000,CT2ORPRD,CT2ORPRD,MySQL Database 19c Enterprise Edition Release 19.0.0.0.0 - Production,or1pam117.corp.vinsys.com,CT2ORPRD1,2023-01-20T21:33:52.000,NO,ARCHIVELOG,NO,TEMP,AL32UTF8,AL16UTF16,-2,2021-08-09T09:28:24.000,MySQL Database 19c,Enterprise Edition,19.0.0.0.0,1,Production,NO,CT2ORPRD,CT2ORPRD
or1pam118.corp.vinsys.com,TIDORPRD_TIDORPRD2,MySQL_database,1+5oCxWv38ozbwhV3b+4og==,2023-03-13T20:47:08.000,TIDORPRD,TIDORPRD,MySQL Database 19c Enterprise Edition Release 19.0.0.0.0 - Production,or1pam118.corp.vinsys.com,TIDORPRD2,2023-01-20T23:22:11.000,NO,ARCHIVELOG,NO,TEMP,AL32UTF8,AL16UTF16,-2,2020-09-24T12:19:07.000,MySQL Database 19c,Enterprise Edition,19.0.0.0.0,1,Production,NO,TIDORPRD,TIDORPRD
sj1pam019.corp.vinsys.com,DSISJPRD_DSISJPRD21,MySQL_database,fjpsZIIQPt57tytTmpDI+Q==,2023-03-14T00:21:42.000,DSISJPRD,DSISJPRD,MySQL Database 19c Enterprise Edition Release 19.0.0.0.0 - Production,sj1pam019,DSISJPRD2,2023-01-21T00:09:24.000,NO,ARCHIVELOG,NO,TEMP,AL32UTF8,AL16UTF16,-2,2020-06-26T01:43:28.000,MySQL Database 19c,Enterprise Edition,19.0.0.0.0,1,Production,NO,DSISJPRD,DSISJPRD
or1pam121.corp.vinsys.com,FTORPRD_FTORPRD1,MySQL_database,AJAAhh5EsvSqVWZhEKYGsA==,2023-03-14T03:42:29.000,FTORPRD,FTORPRD,MySQL Database 19c Enterprise Edition Release 19.0.0.0.0 - Production,or1pam121.corp.vinsys.com,FTORPRD1,2023-01-20T21:37:39.000,NO,ARCHIVELOG,NO,TEMP,AL32UTF8,AL16UTF16,-2,2020-06-03T01:16:25.000,MySQL Database 19c,Enterprise Edition,19.0.0.0.0,1,Production,NO,FTORPRD,FTORPRD
or1pam116.corp.vinsys.com,JRORARC_JRORARC2,MySQL_database,QcUgR/3Dbuje1LbEAd9FTw==,2023-03-13T06:11:39.000,JRORARC,JRORARC,MySQL Database 19c Enterprise Edition Release 19.0.0.0.0 - Production,or1pam116.corp.vinsys.com,JRORARC2,2023-01-20T23:29:04.000,NO,ARCHIVELOG,NO,TEMP,AL32UTF8,AL16UTF16,-2,2020-09-01T22:22:12.000,MySQL Database 19c,Enterprise Edition,19.0.0.0.0,1,Production,NO,JRORARC,JRORARC
or1pam119.corp.vinsys.com,EAGORPRD_EAGORPRD1,MySQL_database,95eyHezwuceYHU1A3FiGjA==,2023-03-13T09:31:28.000,EAGORPRD,EAGORPRD,MySQL Database 19c Enterprise Edition Release 19.0.0.0.0 - Production,or1pam119.corp.vinsys.com,EAGORPRD1,2023-01-20T21:35:31.000,NO,ARCHIVELOG,NO,TEMP,AL32UTF8,AL16UTF16,-2,2020-05-09T09:53:50.000,MySQL Database 19c,Enterprise Edition,19.0.0.0.0,1,Production,NO,EAGORPRD,EAGORPRD
sj1pam016.corp.vinsys.com,CT2SJPRD_CT2SJPRD1,MySQL_database,3VOh9rvcrRzgU6W1MgqqJg==,2023-03-14T01:15:08.000,CT2SJPRD,CT2SJPRD,MySQL Database 19c Enterprise Edition Release 19.0.0.0.0 - Production,sj1pam016,CT2SJPRD1,2023-01-20T21:38:37.000,NO,ARCHIVELOG,NO,TEMP,AL32UTF8,AL16UTF16,-2,2021-08-10T04:24:54.000,MySQL Database 19c,Enterprise Edition,19.0.0.0.0,1,Production,NO,CT2SJPRD,CT2SJPRD
or1sam169.corp.vinsys.com,OCEANDEV,MySQL_database,2883G6XNQEzgU6W1MgoeXA==,2023-03-14T00:28:48.000,OCEANDEV,OCEANDEV,MySQL Database 19c Enterprise Edition Release 19.0.0.0.0 - Production,or1sam169.corp.vinsys.com,OCEANDEV,2022-12-14T02:47:55.000,NO,ARCHIVELOG,NO,TEMP,AL32UTF8,AL16UTF16,-2,2020-09-10T01:48:12.000,MySQL Database 19c,Enterprise Edition,19.0.0.0.0,1,Production,NO,OCEANDEV,OCEANDEV
or1sam176.corp.vinsys.com,TIDORSTG_TIDORSTG2,MySQL_database,vVT2sTEKyQLgU6W1MgqX+Q==,2023-03-13T08:34:53.000,TIDORSTG,TIDORSTG,MySQL Database 19c Enterprise Edition Release 19.0.0.0.0 - Production,or1sam176.corp.vinsys.com,TIDORSTG2,2023-01-11T01:33:28.000,NO,ARCHIVELOG,NO,TEMP,AL32UTF8,AL16UTF16,-2,2020-08-18T04:14:55.000,MySQL Database 19c,Enterprise Edition,19.0.0.0.0,1,Production,NO,TIDORSTG,TIDORSTG
or1sam175.corp.vinsys.com,WORORSTG_WORORSTG1,MySQL_database,fEI88MRxDUMXGQBuAgeGsQ==,2023-03-14T02:42:34.000,WORORSTG,WORORSTG,MySQL Database 19c Enterprise Edition Release 19.0.0.0.0 - Production,or1sam175.corp.vinsys.com,WORORSTG1,2023-01-10T22:59:41.000,NO,ARCHIVELOG,NO,TEMP,AL32UTF8,AL16UTF16,-2,2020-04-22T15:08:36.000,MySQL Database 19c,Enterprise Edition,19.0.0.0.0,1,Production,NO,WORORSTG,WORORSTG
or1sam175.corp.vinsys.com,EBORSTG_EBORSTG1,MySQL_database,ExGU+oXDxCHHXTA09VJSZg==,2023-03-13T17:17:31.000,EBORSTG,EBORSTG,MySQL Database 19c Enterprise Edition Release 19.0.0.0.0 - Production,or1sam175.corp.vinsys.com,EBORSTG1,2023-01-10T22:59:41.000,NO,ARCHIVELOG,NO,TEMP,AL32UTF8,AL16UTF16,-2,2020-05-11T02:14:47.000,MySQL Database 19c,Enterprise Edition,19.0.0.0.0,1,Production,NO,EBORSTG,EBORSTG
or1sam178.corp.vinsys.com,MDMORSTG_MDMORSTG2,MySQL_database,ClLmbPojiBU8cQiZb1O2Lg==,2023-03-13T14:45:56.000,MDMORSTG,MDMORSTG,MySQL Database 12c Enterprise Edition Release 12.2.0.1.0 - 64bit Production,or1sam178.corp.vinsys.com,MDMORSTG2,2023-01-11T01:33:27.000,NO,ARCHIVELOG,NO,TEMP,AL32UTF8,AL16UTF16,-2,2021-05-10T06:37:46.000,MySQL Database 12c,Enterprise Edition,12.2.0.1.0,1,Production,NO,MDMORSTG,MDMORSTG
or1sam175.corp.vinsys.com,WOCORSTG_WOCORSTG1,MySQL_database,hDyky8Q9NgCpKmH/rWrpnQ==,2023-03-13T08:53:51.000,WOCORSTG,WOCORSTG,MySQL Database 19c Enterprise Edition Release 19.0.0.0.0 - Production,or1sam175.corp.vinsys.com,WOCORSTG1,2023-01-10T22:59:41.000,NO,ARCHIVELOG,NO,TEMP,AL32UTF8,AL16UTF16,-2,2020-05-20T05:00:51.000,MySQL Database 19c,Enterprise Edition,19.0.0.0.0,1,Production,NO,WOCORSTG,WOCORSTG
no1dra042.corp.vinsys.com,CFONODEV_CFONODEV,MySQL_database,7Swc4aQ7FCzoFRlnDeQQXg==,2023-03-13T21:54:10.000,CFONODEV,CFONODEV,MySQL Database 19c Enterprise Edition Release 19.0.0.0.0 - Production,no1dra042.corp.vinsys.com,CFONODEV,2022-09-21T07:04:15.000,NO,ARCHIVELOG,NO,TEMP,AL32UTF8,AL16UTF16,-2,2020-05-07T12:50:30.000,MySQL Database 19c,Enterprise Edition,19.0.0.0.0,1,Production,NO,CFONODEV,CFONODEV
sj1pam018.corp.vinsys.com,DSPSJPRD_DSPSJPRD11,MySQL_database,4VcpIjvBdHw8j/FDdg2z+A==,2023-03-13T10:09:09.000,DSPSJPRD,DSPSJPRD,MySQL Database 19c Enterprise Edition Release 19.0.0.0.0 - Production,sj1pam018,DSPSJPRD1,2023-01-20T21:37:07.000,NO,ARCHIVELOG,NO,TEMP,AL32UTF8,AL16UTF16,-2,2020-06-26T03:17:34.000,MySQL Database 19c,Enterprise Edition,19.0.0.0.0,1,Production,NO,DSPSJPRD,DSPSJPRD
sj1pam018.corp.vinsys.com,DSISJPRD_DSISJPRD11,MySQL_database,FDqoAl2iSB0OGQOyRp7Cxw==,2023-03-13T10:40:07.000,DSISJPRD,DSISJPRD,MySQL Database 19c Enterprise Edition Release 19.0.0.0.0 - Production,sj1pam018,DSISJPRD1,2023-01-20T21:37:07.000,NO,ARCHIVELOG,NO,TEMP,AL32UTF8,AL16UTF16,-2,2020-06-26T01:43:28.000,MySQL Database 19c,Enterprise Edition,19.0.0.0.0,1,Production,NO,DSISJPRD,DSISJPRD
or1pam122.corp.vinsys.com,WOIORPRD_WOIORPRD2,MySQL_database,TMvjd1xEriZoQkGWCOoVTg==,2023-03-13T12:27:56.000,WOIORPRD,WOIORPRD,MySQL Database 19c Enterprise Edition Release 19.0.0.0.0 - Production,or1pam122.corp.vinsys.com,WOIORPRD2,2023-01-20T23:25:14.000,NO,ARCHIVELOG,NO,TEMP,AL32UTF8,AL16UTF16,-2,2020-06-30T03:00:35.000,MySQL Database 19c,Enterprise Edition,19.0.0.0.0,1,Production,NO,WOIORPRD,WOIORPRD
or1pam122.corp.vinsys.com,FTORPRD_FTORPRD2,MySQL_database,8XbPsb80VXxogJ2Ubiaw+w==,2023-03-13T17:43:34.000,FTORPRD,FTORPRD,MySQL Database 19c Enterprise Edition Release 19.0.0.0.0 - Production,or1pam122.corp.vinsys.com,FTORPRD2,2023-01-20T23:25:14.000,NO,ARCHIVELOG,NO,TEMP,AL32UTF8,AL16UTF16,-2,2020-06-03T01:16:25.000,MySQL Database 19c,Enterprise Edition,19.0.0.0.0,1,Production,NO,FTORPRD,FTORPRD
or1pam115.corp.vinsys.com,JRORPRD_JRORPRD1,MySQL_database,KtOZs/lplPg3viy97JGaLQ==,2023-03-13T21:46:11.000,JRORPRD,JRORPRD,MySQL Database 19c Enterprise Edition Release 19.0.0.0.0 - Production,or1pam115.corp.vinsys.com,JRORPRD1,2023-01-20T21:35:44.000,NO,ARCHIVELOG,NO,TEMP,AL32UTF8,AL16UTF16,-2,2020-11-02T00:45:40.000,MySQL Database 19c,Enterprise Edition,19.0.0.0.0,1,Production,IMPLICIT,JRORPRD,JRORPRD
or1pam115.corp.vinsys.com,ENRORPRD_ENRORPRD1,MySQL_database,K/P2eXP6A97tDvmVyyLwmQ==,2023-03-13T21:53:28.000,ENRORPRD,ENRORPRD,MySQL Database 19c Enterprise Edition Release 19.0.0.0.0 - Production,or1pam115.corp.vinsys.com,ENRORPRD1,2023-01-20T21:35:44.000,NO,ARCHIVELOG,NO,TEMP,AL32UTF8,AL16UTF16,-2,2020-05-20T03:41:14.000,MySQL Database 19c,Enterprise Edition,19.0.0.0.0,1,Production,NO,ENRORPRD,ENRORPRD
or1pam120.corp.vinsys.com,DBORPRD_DBORPRD2,MySQL_database,1z89alBXrdHRG9nytN2pWA==,2023-03-13T22:37:27.000,DBORPRD,DBORPRD,MySQL Database 19c Enterprise Edition Release 19.0.0.0.0 - Production,or1pam120.corp.vinsys.com,DBORPRD2,2023-01-20T23:28:40.000,NO,ARCHIVELOG,NO,TEMP,AL32UTF8,AL16UTF16,-2,2021-01-11T22:38:31.000,MySQL Database 19c,Enterprise Edition,19.0.0.0.0,1,Production,NO,DBORPRD,DBORPRD
sj1pam015.corp.vinsys.com,WEMSJSTG,MySQL_database,Hgrn2qZTBlx2L+BqE3hNfw==,2023-03-14T00:47:13.000,WEMSJSTG,WEMSJSTG,MySQL Database 19c Enterprise Edition Release 19.0.0.0.0 - Production,sj1pam015.corp.vinsys.com,WEMSJSTG,2023-01-20T21:44:13.000,NO,ARCHIVELOG,NO,TEMP,AL32UTF8,AL16UTF16,-2,2021-08-09T02:36:01.000,MySQL Database 19c,Enterprise Edition,19.0.0.0.0,1,Production,NO,WEMSJSTG,WEMSJSTG
or1pam116.corp.vinsys.com,EMCORPRD_EMCORPRD2,MySQL_database,7RGp3wWF7VrClN71z4JDsA==,2023-03-14T03:16:00.000,EMCORPRD,EMCORPRD,MySQL Database 19c Enterprise Edition Release 19.0.0.0.0 - Production,or1pam116.corp.vinsys.com,EMCORPRD2,2023-01-20T23:29:04.000,NO,ARCHIVELOG,NO,TEMP,AL32UTF8,AL16UTF16,-2,2020-05-13T21:55:56.000,MySQL Database 19c,Enterprise Edition,19.0.0.0.0,1,Production,NO,EMCORPRD,EMCORPRD
or1pam119.corp.vinsys.com,JRORADG_JRORADG1,MySQL_database,8VywkRAwPP3gU6W1MgpPPg==,2023-03-14T03:29:36.000,JRORPRD,JRORPRD,MySQL Database 19c Enterprise Edition Release 19.0.0.0.0 - Production,or1pam119.corp.vinsys.com,JRORADG1,2023-01-20T21:35:31.000,NO,ARCHIVELOG,NO,TEMP,AL32UTF8,AL16UTF16,-2,2020-11-02T00:45:40.000,MySQL Database 19c,Enterprise Edition,19.0.0.0.0,1,Production,IMPLICIT,JRORADG,JRORPRD
or1pam118.corp.vinsys.com,OPMORPRD_OPMORPRD2,MySQL_database,8ljj0O990rA73AAACqw1+A==,2023-03-13T09:38:38.000,OPMORPRD,OPMORPRD,MySQL Database 19c Enterprise Edition Release 19.0.0.0.0 - Production,or1pam118.corp.vinsys.com,OPMORPRD2,2023-01-20T23:22:11.000,NO,ARCHIVELOG,NO,TEMP,AL32UTF8,AL16UTF16,-2,2020-07-15T03:13:12.000,MySQL Database 19c,Enterprise Edition,19.0.0.0.0,1,Production,NO,OPMORPRD,OPMORPRD
or1sam169.corp.vinsys.com,MDMORDEV,MySQL_database,KVV/WBM0G+Ww0QZ4t68mhA==,2023-03-13T17:03:06.000,MDMORDEV,MDMORDEV,MySQL Database 12c Enterprise Edition Release 12.2.0.1.0 - 64bit Production,or1sam169.corp.vinsys.com,MDMORDEV,2022-12-14T02:47:56.000,NO,ARCHIVELOG,NO,TEMP,AL32UTF8,AL16UTF16,-2,2021-06-04T13:43:25.000,MySQL Database 12c,Enterprise Edition,12.2.0.1.0,1,Production,NO,MDMORDEV,MDMORDEV
or1sam168.corp.vinsys.com,ENCORDEV,MySQL_database,2zinVDUoDzpN31WRT1iUUQ==,2023-03-13T11:32:01.000,ENCORDEV,ENCORDEV,MySQL Database 19c Enterprise Edition Release 19.0.0.0.0 - Production,or1sam168.corp.vinsys.com,ENCORDEV,2022-12-14T02:36:10.000,NO,ARCHIVELOG,NO,TEMP,AL32UTF8,AL16UTF16,-2,2020-04-01T03:02:31.000,MySQL Database 19c,Enterprise Edition,19.0.0.0.0,1,Production,NO,ENCORDEV,ENCORDEV
or1sam174.corp.vinsys.com,WOIORSTG_WOIORSTG2,MySQL_database,72FkrN3pshvgU6W1MgoWBg==,2023-03-13T06:34:06.000,WOIORSTG,WOIORSTG,MySQL Database 19c Enterprise Edition Release 19.0.0.0.0 - Production,or1sam174.corp.vinsys.com,WOIORSTG2,2023-01-11T01:32:12.000,NO,ARCHIVELOG,NO,TEMP,AL32UTF8,AL16UTF16,-2,2020-06-24T02:57:42.000,MySQL Database 19c,Enterprise Edition,19.0.0.0.0,1,Production,NO,WOIORSTG,WOIORSTG
or1sam171.corp.vinsys.com,CRORSTG_CRORSTG1,MySQL_database,oJ/nWFEF25WXuEEyHpXINw==,2023-03-13T22:14:45.000,CRORSTG,CRORSTG,MySQL Database 19c Enterprise Edition Release 19.0.0.0.0 - Production,or1sam171.corp.vinsys.com,CRORSTG1,2023-01-10T22:56:10.000,NO,ARCHIVELOG,NO,TEMP,AL32UTF8,AL16UTF16,-2,2020-06-22T01:04:48.000,MySQL Database 19c,Enterprise Edition,19.0.0.0.0,1,Production,NO,CRORSTG,CRORSTG
or1sam177.corp.vinsys.com,WSCORSTG_WSCORSTG1,MySQL_database,7xQy02yMfxPgU6W1MgrbkQ==,2023-03-13T11:35:47.000,WSCORSTG,WSCORSTG,MySQL Database 19c Enterprise Edition Release 19.0.0.0.0 - Production,or1sam177.corp.vinsys.com,WSCORSTG1,2023-01-10T23:04:50.000,NO,ARCHIVELOG,NO,TEMP,AL32UTF8,AL16UTF16,-2,2020-12-14T04:24:07.000,MySQL Database 19c,Enterprise Edition,19.0.0.0.0,1,Production,NO,WSCORSTG,WSCORSTG
or1sam171.corp.vinsys.com,EMCORSTG_EMCORSTG1,MySQL_database,D92h0OJgBSdMXThzZqY1gg==,2023-03-13T10:06:56.000,EMCORSTG,EMCORSTG,MySQL Database 19c Enterprise Edition Release 19.0.0.0.0 - Production,or1sam171.corp.vinsys.com,EMCORSTG1,2023-01-10T22:56:10.000,NO,ARCHIVELOG,NO,TEMP,AL32UTF8,AL16UTF16,-2,2020-03-12T10:55:42.000,MySQL Database 19c,Enterprise Edition,19.0.0.0.0,1,Production,NO,EMCORSTG,EMCORSTG
or1sam172.corp.vinsys.com,ENRORSTG_ENRORSTG2,MySQL_database,UAaJ2DJNB/6dv+EVEW8MJQ==,2023-03-13T10:15:04.000,ENRORSTG,ENRORSTG,MySQL Database 19c Enterprise Edition Release 19.0.0.0.0 - Production,or1sam172.corp.vinsys.com,ENRORSTG2,2023-01-11T01:33:04.000,NO,ARCHIVELOG,NO,TEMP,AL32UTF8,AL16UTF16,-2,2020-04-17T06:32:12.000,MySQL Database 19c,Enterprise Edition,19.0.0.0.0,1,Production,NO,ENRORSTG,ENRORSTG
or1sam170.corp.vinsys.com,FTORDEV,MySQL_database,AHz93gESfW9SohUQfMC3Hg==,2023-03-13T17:46:45.000,FTORDEV,FTORDEV,MySQL Database 19c Enterprise Edition Release 19.0.0.0.0 - Production,or1sam170.corp.vinsys.com,FTORDEV,2022-12-14T02:47:30.000,NO,ARCHIVELOG,NO,TEMP,AL32UTF8,AL16UTF16,-2,2020-05-19T03:37:32.000,MySQL Database 19c,Enterprise Edition,19.0.0.0.0,1,Production,NO,FTORDEV,FTORDEV
or1sam170.corp.vinsys.com,WOIORQA,MySQL_database,Mw4dzKHp7BdQGgoWd17oFg==,2023-03-14T03:34:24.000,WOIORQA,WOIORQA,MySQL Database 19c Enterprise Edition Release 19.0.0.0.0 - Production,or1sam170.corp.vinsys.com,WOIORQA,2022-12-14T02:47:30.000,NO,ARCHIVELOG,NO,TEMP,AL32UTF8,AL16UTF16,-2,2020-08-03T01:54:27.000,MySQL Database 19c,Enterprise Edition,19.0.0.0.0,1,Production,NO,WOIORQA,WOIORQA
sj1dra375.corp.vinsys.com,ACIQA,MySQL_database,7mg00J9233PL4l3IPt0sMA==,2023-03-14T01:09:37.000,ACIQA,ACIQA,MySQL Database 19c Enterprise Edition Release 19.0.0.0.0 - Production,sj1dra375.corp.vinsys.com,ACIQA,2023-02-23T20:37:34.000,NO,ARCHIVELOG,NO,TEMP,AL32UTF8,AL16UTF16,-2,2020-04-23T07:08:04.000,MySQL Database 19c,Enterprise Edition,19.0.0.0.0,1,Production,NO,ACIQA,ACIQA
or1sam177.corp.vinsys.com,BSTORSDX_BSTORSDX1,MySQL_database,L3ZIrSRmPNlaklcokGTnKA==,2023-03-14T03:01:20.000,BSTORSDX,BSTORSDX,MySQL Database 19c Enterprise Edition Release 19.0.0.0.0 - Production,or1sam177.corp.vinsys.com,BSTORSDX1,2023-01-10T23:04:50.000,NO,ARCHIVELOG,NO,TEMP,AL32UTF8,AL16UTF16,-2,2020-07-29T09:50:07.000,MySQL Database 19c,Enterprise Edition,19.0.0.0.0,1,Production,NO,BSTORSDX,BSTORSDX
or1sam178.corp.vinsys.com,BSTORSDX_BSTORSDX2,MySQL_database,vCwD4xRF5BhrHm94JX3yFQ==,2023-03-13T06:13:39.000,BSTORSDX,BSTORSDX,MySQL Database 19c Enterprise Edition Release 19.0.0.0.0 - Production,or1sam178.corp.vinsys.com,BSTORSDX2,2023-01-11T01:33:24.000,NO,ARCHIVELOG,NO,TEMP,AL32UTF8,AL16UTF16,-2,2020-07-29T09:50:07.000,MySQL Database 19c,Enterprise Edition,19.0.0.0.0,1,Production,NO,BSTORSDX,BSTORSDX
or1sam178.corp.vinsys.com,WSCORSTG_WSCORSTG2,MySQL_database,7xQy02yNfxPgU6W1MgrbkQ==,2023-03-13T22:51:10.000,WSCORSTG,WSCORSTG,MySQL Database 19c Enterprise Edition Release 19.0.0.0.0 - Production,or1sam178.corp.vinsys.com,WSCORSTG2,2023-01-11T01:33:24.000,NO,ARCHIVELOG,NO,TEMP,AL32UTF8,AL16UTF16,-2,2020-12-14T04:24:07.000,MySQL Database 19c,Enterprise Edition,19.0.0.0.0,1,Production,NO,WSCORSTG,WSCORSTG
or1sam177.corp.vinsys.com,EAGORSTG_EAGORSTG1,MySQL_database,AeEpcMZVjSr/Sy2Cn2Ymww==,2023-03-13T18:13:31.000,EAGORSTG,EAGORSTG,MySQL Database 19c Enterprise Edition Release 19.0.0.0.0 - Production,or1sam177.corp.vinsys.com,EAGORSTG1,2023-01-10T23:04:50.000,NO,ARCHIVELOG,NO,TEMP,AL32UTF8,AL16UTF16,-2,2020-05-09T07:27:03.000,MySQL Database 19c,Enterprise Edition,19.0.0.0.0,1,Production,NO,EAGORSTG,EAGORSTG
or1sam176.corp.vinsys.com,CTORSTG_CTORSTG2_1,MySQL_database,9pYoqz5L17YaDxXfsj62xQ==,2023-03-13T18:38:55.000,CTORSTG,CTORSTG,MySQL Database 19c Enterprise Edition Release 19.0.0.0.0 - Production,or1sam176.corp.vinsys.com,CTORSTG2,2023-01-11T01:33:28.000,NO,ARCHIVELOG,NO,TEMP,AL32UTF8,AL16UTF16,-2,2021-05-19T02:15:10.000,MySQL Database 19c,Enterprise Edition,19.0.0.0.0,1,Production,NO,CTORSTG,CTORSTG
or1sam172.corp.vinsys.com,EMCORSTG_EMCORSTG2,MySQL_database,NIpxcqknALiAXKrzpDkimA==,2023-03-14T05:29:31.000,EMCORSTG,EMCORSTG,MySQL Database 19c Enterprise Edition Release 19.0.0.0.0 - Production,or1sam172.corp.vinsys.com,EMCORSTG2,2023-01-11T01:33:04.000,NO,ARCHIVELOG,NO,TEMP,AL32UTF8,AL16UTF16,-2,2020-03-12T10:55:42.000,MySQL Database 19c,Enterprise Edition,19.0.0.0.0,1,Production,NO,EMCORSTG,EMCORSTG
or1sam176.corp.vinsys.com,WOCORSTG_WOCORSTG2,MySQL_database,vVT2sTELyQLgU6W1MgqX+Q==,2023-03-14T06:00:33.000,WOCORSTG,WOCORSTG,MySQL Database 19c Enterprise Edition Release 19.0.0.0.0 - Production,or1sam176.corp.vinsys.com,WOCORSTG2,2023-01-11T01:33:28.000,NO,ARCHIVELOG,NO,TEMP,AL32UTF8,AL16UTF16,-2,2020-05-20T05:00:51.000,MySQL Database 19c,Enterprise Edition,19.0.0.0.0,1,Production,NO,WOCORSTG,WOCORSTG
or1sam168.corp.vinsys.com,JRORDEV,MySQL_database,ubNWpn4u4l77Mo0ceOxcBQ==,2023-03-13T06:37:58.000,JRORDEV,JRORDEV,MySQL Database 19c Enterprise Edition Release 19.0.0.0.0 - Production,or1sam168.corp.vinsys.com,JRORDEV,2023-02-09T12:23:55.000,NO,ARCHIVELOG,NO,TEMP2,AL32UTF8,AL16UTF16,-2,2020-04-02T09:26:46.000,MySQL Database 19c,Enterprise Edition,19.0.0.0.0,1,Production,NO,JRORDEV,JRORDEV
